keyword,language,topic,topicColor,keywordColor,limitPages,ratioNew
'Vulkan Flughafen',de,Impacts,#a267e5,#a37ee4,1,0.1063935083415617
'Vulkan Lava',de,Hazard,#4287f5,#437ef4,1,0.0670581655328076
'Vulkanausbruch',de,Hazard,#4277f5,#537ee4,2,0.0603806594015684
'Vulkan ausgebrochen',de,Hazard,#3267e5,#537ee4,1,0.0590579276111623
'Vulkan Eruption',de,Hazard,#5277f5,#537ee4,1,0.0535702495648254
'Vulkan Warnstufe',de,Mitigation,#a24745,#a34e44,1,0.0520402528495681
'Vulkan Evakuierung',de,Mitigation,#a74735,#a34e44,1,0.0452042754227588
'Vulkan Aschewolke',de,Hazard,#6287f5,#537ee4,1,0.0425100615309776
'Vulkan Warnung',de,Mitigation,#a26745,#a37e44,1,0.000763767767139035
