,phrase,label,sentiment,subjectivity,language,count
Vulkan,Vulkan,ORG,0.0440251572327044,0.06289308176100626,de,15.900000000000006
Ätna-Ausbruch,Ätna-Ausbruch,ORG,0.4935064935064935,0.0,de,7.699999999999999
Hochaktiver Vulkan,Hochaktiver Vulkan,ORG,0.0,0.0,de,4.2
Indonesischer Vulkan,Indonesischer Vulkan,ORG,0.75,0.0,de,4.0
GEO,GEO,ORG,1.081081081081081,0.0,de,3.7
TTS-Player,TTS-Player,ORG,-0.3225806451612903,0.0,de,3.1
INGV,INGV,ORG,-0.3448275862068965,0.0,de,2.9000000000000004
+++McLaren-Fahrer,+++McLaren-Fahrer,ORG,0.0,0.0,de,2.6
https://epaper.welt.de,https://epaper.welt.de,ORG,0.0,0.0,de,2.6
nationale italienische …,nationale italienische …,ORG,-0.8076923076923075,0.0,de,2.6
Catania,Catania,ORG,-0.3181818181818181,0.0,de,2.2
Hunga Tonga,Hunga Tonga,ORG,0.0,0.0,de,2.1999999999999997
nationale italienische Institut für G…,nationale italienische Institut für G…,ORG,0.0,0.0,de,2.1
indonesische Vulkan,indonesische Vulkan,ORG,0.0,0.0,de,2.0
ei…,ei…,ORG,0.17543859649122806,0.5263157894736842,de,1.9
"Gnabry
+++WM in Gefahr","Gnabry
+++WM in Gefahr",ORG,0.0,0.0,de,1.9
Mie­te­r,Mie­te­r,ORG,0.0,0.0,de,1.9
Nature Communications enthü…,Nature Communications enthü…,ORG,0.0,0.0,de,1.9
REUTERS,REUTERS,ORG,-0.5555555555555556,0.0,de,1.8
Sper…,Sper…,ORG,0.0,0.0,de,1.8
Reuters,Reuters,ORG,0.0,0.0,de,1.8
Betre…,Betre…,ORG,0.0,0.0,de,1.8
Airports,Airports,ORG,0.0,0.0,de,1.8
ETH Zürich,ETH Zürich,ORG,0.0,0.0,de,1.6
Mittelmeerinsel Sizilien,Mittelmeerinsel Sizilien,ORG,0.0,0.0,de,1.3
Krafla-Vulkan,Krafla-Vulkan,ORG,0.0,0.0,de,1.3
US-Stützpunkte,US-Stützpunkte,ORG,0.0,0.0,de,1.3
US-Tourist,US-Tourist,ORG,-1.5384615384615383,0.0,de,1.3
AP,AP,ORG,1.0,0.0,de,1.0
Sta…,Sta…,ORG,0.0,0.0,de,1.0
Bumi Purnati Company,Bumi Purnati Company,ORG,0.0,0.0,de,1.0
Theater-Biennale Venedig,Theater-Biennale Venedig,ORG,0.0,0.0,de,1.0
Isländischer Vulkan,Isländischer Vulkan,ORG,0.4666666666666666,0.0,de,1.0
Nature Communications enthü,Nature Communications enthü,ORG,0.0,0.0,de,1.0
Eddie,Eddie,ORG,0.7,0.0,de,1.0
Yemeni Civil Defense Authority,Yemeni Civil Defense Authority,ORG,1.0,0.0,de,1.0
Germany,Germany,ORG,0.7,0.0,de,1.0
US Army,US Army,ORG,0.0,0.0,de,1.0
Nature Communications,Nature Communications,ORG,1.0,0.0,de,1.0
Baby Scrat,Baby Scrat,ORG,0.7,0.0,de,1.0
Sid,Sid,ORG,0.7,0.0,de,1.0
FC Bayern,FC Bayern,ORG,0.0,0.0,de,1.0
IP-Adresse…,IP-Adresse…,ORG,0.0,0.0,de,1.0
Nationale Institut für Geophysik und Vulkanologie,Nationale Institut für Geophysik und Vulkanologie,ORG,0.0,0.0,de,1.0
Betreibers des Airports,Betreibers des Airports,ORG,0.0,0.0,de,1.0
Mittelmeerinse…,Mittelmeerinse…,ORG,0.0,0.0,de,1.0
SAC,SAC,ORG,0.0,0.0,de,1.0
Nationalen Instituts für Geophysik und Vulkanologie,Nationalen Instituts für Geophysik und Vulkanologie,ORG,-1.0,0.0,de,1.0
IMAGO/ZUMA Press Wire,IMAGO/ZUMA Press Wire,ORG,0.0,0.0,de,1.0
Mittelmeer…,Mittelmeer…,ORG,0.0,0.0,de,1.0
international…,international…,ORG,0.0,0.0,de,1.0
Europäischen Union,Europäischen Union,ORG,0.0,0.0,de,1.0
Nebenvulkans,Nebenvulkans,ORG,0.0,0.0,de,1.0
…,…,ORG,0.0,0.0,de,1.0
picture alliance/dpa/AP,picture alliance/dpa/AP,ORG,0.0,0.0,de,1.0
Vulkans Mittelamerikas,Vulkans Mittelamerikas,ORG,-0.5,0.0,de,1.0
+++Zwei,+++Zwei,ORG,0.0,0.0,de,1.0
NAS Sigonella,NAS Sigonella,ORG,0.0,0.0,de,1.0
Lavaf…,Lavaf…,ORG,0.0,0.0,de,1.0
Vorfalls,Vorfalls,ORG,0.0,0.0,de,1.0
US-Geologiebehörde USGS,US-Geologiebehörde USGS,ORG,0.0,0.0,de,1.0
beson…,beson…,ORG,0.0,0.0,de,1.0
Reisterrassen & Inseltraum Gili,Reisterrassen & Inseltraum Gili,ORG,0.7,0.0,de,1.0
Aufbauseri…,Aufbauseri…,ORG,1.0,0.0,de,1.0
kei,kei,ORG,0.0,0.0,de,1.0
US Geological Survey,US Geological Survey,ORG,0.0,0.0,de,1.0
Vulkangruppe,Vulkangruppe,ORG,0.0,0.0,de,1.0
Brandstifter …,Brandstifter …,ORG,0.7,0.0,de,1.0
Gruppe Vulkan,Gruppe Vulkan,ORG,0.0,0.0,de,1.0
Aktion,Aktion,ORG,0.7,0.0,de,1.0
Italiens Nationales Institut für Geophysik und Vulkanol…,Italiens Nationales Institut für Geophysik und Vulkanol…,ORG,0.0,0.0,de,1.0
Rai News veröffentli…,Rai News veröffentli…,ORG,0.0,0.0,de,1.0
nationale italienische Institut für Geophysik und Vulkanologie,nationale italienische Institut für Geophysik und Vulkanologie,ORG,0.0,0.0,de,1.0
Mittelmeeri…,Mittelmeeri…,ORG,0.0,0.0,de,1.0
Anadolu,Anadolu,ORG,0.0,0.0,de,1.0
DLC!,DLC!,ORG,0.0,0.0,de,1.0
picture alliance,picture alliance,ORG,0.0,0.0,de,1.0
Addis Abeba,Addis Abeba,ORG,0.0,0.0,de,1.0
Vulkan-Hike & Einblicke,Vulkan-Hike & Einblicke,ORG,0.0,0.0,de,1.0
01.12.2025,01.12.2025,ORG,0.0,0.0,de,1.0
Kat…,Kat…,ORG,-0.7,0.0,de,1.0
indonesischem Vulkan,indonesischem Vulkan,ORG,0.0,0.0,de,1.0
Sentinel-2,Sentinel-2,ORG,0.0,0.0,de,1.0
Buchmesse,Buchmesse,ORG,0.0,0.0,de,1.0
Behörd…,Behörd…,ORG,0.0,0.0,de,1.0
Montag sc…,Montag sc…,ORG,0.0,0.0,de,1.0
Vulkanlandschaften…,Vulkanlandschaften…,ORG,0.0,0.0,de,1.0
Aschesäule,Aschesäule,ORG,0.3333333333333333,0.0,de,1.0
Teide Vulkan,Teide Vulkan,ORG,0.7,0.0,de,1.0
We…,We…,ORG,0.0,0.0,de,1.0
+++Geisel-Drama,+++Geisel-Drama,ORG,0.0,0.0,de,1.0
Agentu…,Agentu…,ORG,0.0,0.0,de,1.0
Viralpress02.05…,Viralpress02.05…,ORG,0.0,0.0,de,1.0
Ubisoft,Ubisoft,ORG,0.0,0.0,de,1.0
rekons…,rekons…,ORG,0.0,0.0,de,1.0
Xbox!,Xbox!,ORG,-1.0,0.0,de,1.0
Bayerns Nationa,Bayerns Nationa,ORG,0.0,0.0,de,1.0
Europas,Europas,ORG,-0.5,0.0,de,1.0
europäischen…,europäischen…,ORG,0.0,0.0,de,1.0
ESA,ESA,ORG,1.0,0.0,de,1.0
europäische Raumfahrtbehörde,europäische Raumfahrtbehörde,ORG,1.0,0.0,de,1.0
europäische…,europäische…,ORG,0.0,0.0,de,1.0
Pax Romana,Pax Romana,ORG,0.7,0.0,de,1.0
Pascal Kiss,Pascal Kiss,ORG,0.0,0.0,de,1.0
nationalen Instituts für Geophysik und V…,nationalen Instituts für Geophysik und V…,ORG,0.0,0.0,de,1.0
wi…,wi…,ORG,0.0,0.0,de,1.0
Sonne lacht und frühlingshafte T-Shirt-Temperaturen,Sonne lacht und frühlingshafte T-Shirt-Temperaturen,ORG,1.0,0.0,de,1.0
Teneriffas Vulkan,Teneriffas Vulkan,ORG,0.0,0.0,de,1.0
Ansa,Ansa,ORG,0.0,0.0,de,1.0
