,summary,Mitigation,Impact,Hazard,word
summaryOfAllWords,4202.258446881622,1259.0473491973655,814.8734418462305,2128.337655838011,
Guatemala,6.63555550918333,0.01130118158511582,-0.04002655868435135,0.008264723024098688,Guatemala
Der,26.34269174480428,-0.06193037436720455,0.02670859451756666,0.024849407394964763,Der
guatemala der,5.584628561995783,0.015376155772596201,-0.021395845969646096,-0.001062048217616576,guatemala der
Vulkan,123.36454755376667,-0.040275105982235035,-0.23607518841299552,0.09881401401921805,Vulkan
der vulkan,16.157691160341713,-0.0063783444257844496,-0.11860092272164932,0.04552805813298402,der vulkan
brodelt,5.052774373293996,0.017851293681296614,-0.00992832100230698,-0.00689628871690719,brodelt
vulkan brodel+t,5.052774373293996,0.017851293681296614,-0.00992832100230698,-0.00689628871690719,vulkan brodel+t
Zeit,4.977309066243524,0.030360564383905973,-0.014080155534744928,-0.012966256043922712,Zeit
brodel+t zeit,3.9028092370970167,0.02463876192208366,0.022215761733000702,-0.023634446993197288,brodel+t zeit
kreisförmig,3.622065438773719,0.02671563578621063,0.03228046480251025,-0.028994113636303984,kreisförmig
zeit kreisförmig,3.622065438773719,0.02671563578621063,0.03228046480251025,-0.028994113636303984,zeit kreisförmig
premium,3.3590329432345105,0.028868787538383147,0.042838646388462936,-0.034678998163709625,premium
kreisförmig premium,3.3590329432345105,0.028868787538383147,0.042838646388462936,-0.034678998163709625,kreisförmig premium
Ruinen,3.2299806642837456,0.030010494633662954,0.048490066791017764,-0.037748592204276135,Ruinen
premium ruine+n,3.2299806642837456,0.030010494633662954,0.048490066791017764,-0.037748592204276135,premium ruine+n
präkolumbischen,3.3590329432345105,0.028868787538383147,0.042838646388462936,-0.034678998163709625,präkolumbischen
ruine+n präkolumbisch+en,3.3590329432345105,0.028868787538383147,0.042838646388462936,-0.034678998163709625,ruine+n präkolumbisch+en
Großstadt,3.703174660513288,0.026093883373696825,0.029255338489421998,-0.02737711043473848,Großstadt
präkolumbisch+en großstadt,3.703174660513288,0.026093883373696825,0.029255338489421998,-0.02737711043473848,präkolumbisch+en großstadt
Regenwald,4.125982447630706,0.023126217601622902,0.014956586748373971,-0.01980430966131979,Regenwald
großstadt regen+wald,4.125982447630706,0.023126217601622902,0.014956586748373971,-0.01980430966131979,großstadt regen+wald
aktive,5.052774373293996,0.017851293681296614,-0.00992832100230698,-0.00689628871690719,aktive
regen+wald aktiv+e,5.052774373293996,0.017851293681296614,-0.00992832100230698,-0.00689628871690719,regen+wald aktiv+e
Vulkane,7.0389472863261355,0.009959242381752187,-0.04610213465706329,0.011265701897775673,Vulkane
aktiv+e vulkan+e,7.0389472863261355,0.009959242381752187,-0.04610213465706329,0.011265701897775673,aktiv+e vulkan+e
bunte,4.516366867497013,0.020727929805822807,0.0035625691129900967,-0.013851778257852644,bunte
vulkan+e bunt+e,4.516366867497013,0.020727929805822807,0.0035625691129900967,-0.013851778257852644,vulkan+e bunt+e
Kolonialstädte,4.125982447630706,0.023126217601622902,0.014956586748373971,-0.01980430966131979,Kolonialstädte
bunt+e kolonialstädte,4.125982447630706,0.023126217601622902,0.014956586748373971,-0.01980430966131979,bunt+e kolonialstädte
kolonialstädte guatemala,4.298806247623485,0.022028480265642046,0.009724099042170073,-0.017061778410735237,kolonialstädte guatemala
besitzt,3.3755022228682123,0.02872736191059203,0.04214117824861151,-0.03430146272899082,besitzt
guatemala besitz+t,3.3755022228682123,0.02872736191059203,0.04214117824861151,-0.03430146272899082,guatemala besitz+t
Geschichte,3.1271718483308115,0.03096523470103323,0.053244865684497523,-0.04034578675033697,Geschichte
besitz+t geschichte,3.1271718483308115,0.03096523470103323,0.053244865684497523,-0.04034578675033697,besitz+t geschichte
Geologie,2.9941004017606705,0.03226628319494133,0.059767390145273026,-0.04393052365208476,Geologie
geschichte geologie,2.9941004017606705,0.03226628319494133,0.059767390145273026,-0.04393052365208476,geschichte geologie
Zentralamerikas,2.9301633044629405,0.032919726576720314,0.06306226164157366,-0.045751123829451006,Zentralamerikas
geologie zentralamerika+s,2.9301633044629405,0.032919726576720314,0.06306226164157366,-0.045751123829451006,geologie zentralamerika+s
bieten,2.836601966924791,0.033911776348826875,0.06808903691063359,-0.04854145888848515,bieten
zentralamerika+s biet+en,2.836601966924791,0.033911776348826875,0.06808903691063359,-0.04854145888848515,zentralamerika+s biet+en
Schwitzend,2.7657694369246437,0.03469302194553082,0.07206866412305836,-0.05076156559541402,Schwitzend
plagen,2.7214453708454496,0.03519594234608066,0.07464038268581685,-0.05220148070679046,plagen
schwitz+end plag+en,2.7214453708454496,0.03519594234608066,0.07464038268581685,-0.05220148070679046,schwitz+end plag+en
Wanderer,2.665753171828931,0.03584397190373602,0.0779655853928382,-0.054069416007543794,Wanderer
plag+en wanderer,2.665753171828931,0.03584397190373602,0.0779655853928382,-0.054069416007543794,plag+en wanderer
bergauf,2.638127278032486,0.03617234588855771,0.07965549990696971,-0.055021397665398944,bergauf
wanderer bergauf,2.638127278032486,0.03617234588855771,0.07965549990696971,-0.055021397665398944,wanderer bergauf
Ihnen,2.6127139001667143,0.03647861031808411,0.08123463887145244,-0.055912611616901656,Ihnen
folgen,2.5968594068296715,0.036671754885086255,0.08223201233794039,-0.05647631337897341,folgen
ihnen folg+en,2.5968594068296715,0.036671754885086255,0.08223201233794039,-0.05647631337897341,ihnen folg+en
zwei,9.566821153115502,-0.026529499374295284,-0.10327488184456247,0.05169543637137623,zwei
folg+en zwei,2.579350989457198,0.036886936775983065,0.08334454770229749,-0.05710585170862149,folg+en zwei
gesattelte,2.5674443025603173,0.03703442089925908,0.08410790274944242,-0.057538260955095795,gesattelte
zwei gesattelt+e,2.5674443025603173,0.03703442089925908,0.08410790274944242,-0.057538260955095795,zwei gesattelt+e
Pferde,2.5428365068797176,0.03734222685451089,0.085703239755024,-0.05844316027245405,Pferde
gesattelt+e pferd+e,2.5428365068797176,0.03734222685451089,0.085703239755024,-0.05844316027245405,gesattelt+e pferd+e
Führer,2.510448456543711,0.03775364685323046,0.08784021346904189,-0.05965785114187839,Führer
pferd+e führer,2.510448456543711,0.03775364685323046,0.08784021346904189,-0.05965785114187839,pferd+e führer
Berg,2.4763556608887827,0.03819468113855268,0.09013687962990162,-0.06096660785993466,Berg
bequem,2.450688948061792,0.038532263591332445,0.09189893755468964,-0.06197304356436807,bequem
berg bequem,2.450688948061792,0.038532263591332445,0.09189893755468964,-0.06197304356436807,berg bequem
hinaufreiten,2.4402143352182804,0.03867143327241222,0.09262639221525001,-0.06238913568235411,hinaufreiten
bequem hinauf+reit+en,2.4402143352182804,0.03867143327241222,0.09262639221525001,-0.06238913568235411,bequem hinauf+reit+en
wolle,2.421843586445835,0.03891751229921568,0.0939141598309751,-0.06312656783409844,wolle
hinauf+reit+en woll+e,2.421843586445835,0.03891751229921568,0.0939141598309751,-0.06312656783409844,hinauf+reit+en woll+e
frohlocken,2.412486758031341,0.03904383942256516,0.09457598628169844,-0.06350598236517382,frohlocken
woll+e frohlock+en,2.412486758031341,0.03904383942256516,0.09457598628169844,-0.06350598236517382,woll+e frohlock+en
Gleich,2.3923612397224385,0.03931785850713726,0.09601329167190227,-0.06433096027375015,Gleich
Beginn,2.3805927220198444,0.0394795703500269,0.09686262159715446,-0.06481909602965584,Beginn
gleich beginn,2.3805927220198444,0.0394795703500269,0.09686262159715446,-0.06481909602965584,gleich beginn
au…,2.35974742608442,0.03976873157708375,0.0983833802475353,-0.06569431644319206,au…
beginn au…,2.35974742608442,0.03976873157708375,0.0983833802475353,-0.06569431644319206,beginn au…
+9349,2.354563049610224,0.03984119603307407,0.09876489787769445,-0.06591412684037329,+9349
au… +9349,2.354563049610224,0.03984119603307407,0.09876489787769445,-0.06591412684037329,au… +9349
chars,16.610927386298627,-0.031231947689793125,-0.09960048848502519,0.05305389456202334,chars
+9349 char+s,2.348495019241028,0.03992629207629505,0.09921313037664675,-0.06617249861054561,+9349 char+s
Welche,4.12268604612388,0.023147753300738864,0.015059537055183767,-0.019858422613076483,Welche
Kanareninsel,2.4431634332021943,0.038632167341200965,0.09242108354625178,-0.062271667419592794,Kanareninsel
welche kanareninsel,2.4431634332021943,0.038632167341200965,0.09242108354625178,-0.062271667419592794,welche kanareninsel
Richtige,2.4763556608887827,0.03819468113855268,0.09013687962990162,-0.06096660785993466,Richtige
kanareninsel richtig+e,2.4763556608887827,0.03819468113855268,0.09013687962990162,-0.06096660785993466,kanareninsel richtig+e
Inseln,3.9964850204538553,0.023990061748015205,0.01909530435356322,-0.021984384116319523,Inseln
ewigen,3.8958047746604403,0.02468810820681888,0.022453578057912964,-0.023760426560783036,ewigen
insel+n ewig+en,3.8958047746604403,0.02468810820681888,0.022453578057912964,-0.023760426560783036,insel+n ewig+en
Frühlings,3.8466790925427325,0.02503758608738424,0.024139644323318877,-0.024654510362910293,Frühlings
ewig+en frühling+s,3.8466790925427325,0.02503758608738424,0.024139644323318877,-0.024654510362910293,ewig+en frühling+s
Die,5.384812590693001,-0.04279240733137413,-0.07085507269473656,0.049713395585677056,Die
frühling+s der,3.786839527408463,0.02547148883194569,0.026237476161695684,-0.025769190300622684,frühling+s der
Kanaren,3.7694092950010214,0.025599617367619648,0.0268579022475028,-0.026099331041152862,Kanaren
der kanaren,3.7694092950010214,0.025599617367619648,0.0268579022475028,-0.026099331041152862,der kanaren
Spaniens,3.745292205715441,0.02577822296530403,0.02772347643582977,-0.026560285250679716,Spaniens
kanaren spanien+s,3.745292205715441,0.02577822296530403,0.02772347643582977,-0.026560285250679716,kanaren spanien+s
Sonneninseln,3.7212183329771946,0.025958061038536925,0.02859588238726584,-0.027025308943189746,Sonneninseln
spanien+s sonne+n+insel+n,3.7212183329771946,0.025958061038536925,0.02859588238726584,-0.027025308943189746,spanien+s sonne+n+insel+n
Küste,3.6936662919505654,0.02616581637807887,0.029604794104924757,-0.027563635804468623,Küste
sonne+n+insel+n küste,3.6936662919505654,0.02616581637807887,0.029604794104924757,-0.027563635804468623,sonne+n+insel+n küste
Afrikas,3.692470867697131,0.026174877706418513,0.029648824535087177,-0.02758714242160015,Afrikas
küste afrika+s,3.692470867697131,0.026174877706418513,0.029648824535087177,-0.02758714242160015,küste afrika+s
locken,3.703255950903756,0.02609326946699864,0.02925235668514348,-0.027375519167110722,locken
afrika+s lock+en,3.703255950903756,0.02609326946699864,0.02925235668514348,-0.027375519167110722,afrika+s lock+en
Jahr,3.7205374864246425,0.02596316992872117,0.02862067856163341,-0.02703853252840557,Jahr
lock+en jahr,3.7205374864246425,0.02596316992872117,0.02862067856163341,-0.02703853252840557,lock+en jahr
Millionen,3.7312141967212957,0.02588319949554058,0.028232619349801077,-0.02683162405504453,Millionen
jahr million+en,3.7312141967212957,0.02588319949554058,0.028232619349801077,-0.02683162405504453,jahr million+en
Deutsche,3.7600637633690193,0.02566864499724557,0.02719232947202692,-0.02627737694079484,Deutsche
million+en deutsch+e,3.7600637633690193,0.02566864499724557,0.02719232947202692,-0.02627737694079484,million+en deutsch+e
besonders,3.815079788750886,0.025265573827701792,0.025241300730901545,-0.02523956297390378,besonders
deutsch+e besonders,3.815079788750886,0.025265573827701792,0.025241300730901545,-0.02523956297390378,deutsch+e besonders
daheim,3.93613241190749,0.024405622454190173,0.021093037545601292,-0.0230401316700621,daheim
besonders daheim,3.93613241190749,0.024405622454190173,0.021093037545601292,-0.0230401316700621,besonders daheim
kalt,4.003558275503155,0.023941911190363024,0.018864115194157937,-0.02186235176989168,kalt
daheim kalt,4.003558275503155,0.023941911190363024,0.018864115194157937,-0.02186235176989168,daheim kalt
Doch,4.1453931856327575,0.022999872481517115,0.014352833402958776,-0.019487082717292714,Doch
gleicht,4.357695133441332,0.021667876976521106,0.008011655375221664,-0.016167530999676757,gleicht
doch gleich+t,4.357695133441332,0.021667876976521106,0.008011655375221664,-0.016167530999676757,doch gleich+t
rauen,5.20412405727175,0.017112710833744924,-0.013363225355061757,-0.0051412426579727985,rauen
gleich+t rau+en,5.20412405727175,0.017112710833744924,-0.013363225355061757,-0.0051412426579727985,gleich+t rau+en
Vulkanlandschaften,7.0389472863261355,0.009959242381752187,-0.04610213465706329,0.011265701897775673,Vulkanlandschaften
rau+en vulkan+landschaft+en,7.0389472863261355,0.009959242381752187,-0.04610213465706329,0.011265701897775673,rau+en vulkan+landschaft+en
grünen,3.795746911103599,0.025406317558920876,0.02592206952114506,-0.02560144009312952,grünen
vulkan+landschaft+en grün+en,3.795746911103599,0.025406317558920876,0.02592206952114506,-0.02560144009312952,vulkan+landschaft+en grün+en
Oasen,3.597177130236231,0.02691019753976213,0.033229254566105926,-0.02950234398481506,Oasen
grün+en oase+n,3.597177130236231,0.02691019753976213,0.033229254566105926,-0.02950234398481506,grün+en oase+n
pass…,3.327515478828124,0.02914207050434703,0.04418800131149512,-0.035410203116751235,pass…
welche pass…,3.327515478828124,0.02914207050434703,0.04418800131149512,-0.035410203116751235,welche pass…
pass… insel+n,3.2428383750212166,0.02989399202206409,0.047911669427773536,-0.03743357012937231,pass… insel+n
+5699,2.4329885264857634,0.03876791861881495,0.09313108779399946,-0.0626780168616484,+5699
gleich+t +5699,2.4329885264857634,0.03876791861881495,0.09313108779399946,-0.0626780168616484,gleich+t +5699
+5699 chars,2.424583421724126,0.03888064886881061,0.09372112711709238,-0.06301595950316746,+5699 chars
Magisches,2.6265773141931463,0.03631103436859155,0.08037023567553116,-0.055424574822924025,Magisches
Bali,4.814160480320819,0.019077879095949976,-0.004198288920600002,-0.009838338454632037,Bali
magisch+es bali,2.6562789335681227,0.035956059625834834,0.0785420490158496,-0.054393953062883145,magisch+es bali
Mount,9.17671812052009,-0.03475207593703796,-0.10785694297966912,0.057656411165922516,Mount
bali mount,2.6755107840352945,0.03572910062091479,0.07737520842497454,-0.05373726340287595,bali mount
Batur,2.69593529677124,0.03549050027761049,0.07615023053351501,-0.05304877765268971,Batur
mount batur,2.69593529677124,0.03549050027761049,0.07615023053351501,-0.05304877765268971,mount batur
Reisterrassen,5.203087633804939,0.01711767063580303,-0.013340196648820357,-0.0051529876703942604,Reisterrassen
batur reis+terrasse+n,2.7214453708454496,0.03519594234608066,0.07464038268581685,-0.05220148070679046,batur reis+terrasse+n
Inseltraum,2.7878995904687214,0.0344460285361306,0.07080848037973704,-0.05005748767927775,Inseltraum
reis+terrasse+n insel+traum,2.7878995904687214,0.0344460285361306,0.07080848037973704,-0.05005748767927775,reis+terrasse+n insel+traum
Gili,2.841837726644964,0.03385508728343534,0.06780098820637387,-0.04838114568666187,Gili
insel+traum gili,2.841837726644964,0.03385508728343534,0.06780098820637387,-0.04838114568666187,insel+traum gili
Vergiss,3.9735878884300595,0.024146721239120362,0.019847896262378845,-0.022381844946162566,Vergiss
gili vergis+s,2.869141082673704,0.033561758650855616,0.06631208167278015,-0.04755331042353976,gili vergis+s
Alltag,4.152339059429288,0.022954854454042092,0.014137806108829597,-0.019374151194906666,Alltag
vergis+s alltag,4.152339059429288,0.022954854454042092,0.014137806108829597,-0.019374151194906666,vergis+s alltag
Auf,7.310385577743618,-0.0035984674016833846,-0.06161662517350042,0.02469638006648074,Auf
alltag auf,4.267352224543545,0.02222381418166889,0.010653019377501204,-0.017547546300234716,alltag auf
auf bali,3.9558105971868778,0.02426919099570411,0.020436678827723282,-0.02269301635059094,auf bali
wartet,4.419074774475762,0.021298912265278396,0.006262729764271565,-0.015255909017814111,wartet
bali wart+et,4.419074774475762,0.021298912265278396,0.006262729764271565,-0.015255909017814111,bali wart+et
Leben,7.241467719735075,0.009323552439070777,-0.04897095495873945,0.012675804294235166,Leben
wart+et leben,4.648726723364986,0.019977074321490377,2.332887010337639e-05,-0.012017396637488048,wart+et leben
Farben,4.889411279082696,0.018682430332847767,-0.006049196478164389,-0.008886040079703086,Farben
leben farbe+n,4.889411279082696,0.018682430332847767,-0.006049196478164389,-0.008886040079703086,leben farbe+n
nie,5.974286621412665,0.013754234276990717,-0.028846093193965562,0.002690148288837601,nie
farbe+n nie,5.974286621412665,0.013754234276990717,-0.028846093193965562,0.002690148288837601,farbe+n nie
gesehen,6.314982786763014,0.012447603935936826,-0.03481392245533003,0.005674104185493389,gesehen
nie ge+seh+en,6.314982786763014,0.012447603935936826,-0.03481392245533003,0.005674104185493389,nie ge+seh+en
hast,7.374401743116985,0.00891901721978816,-0.05079364394798955,0.01356939575927639,hast
ge+seh+en hab+st,7.374401743116985,0.00891901721978816,-0.05079364394798955,0.01356939575927639,ge+seh+en hab+st
Vom,9.019108329961906,0.004601145848049426,-0.07012147906415873,0.022934480336530123,Vom
Vulkanfeuer,11.718772863617914,-0.0005980770610634962,-0.09315754254874503,0.033831083614101636,Vulkanfeuer
von vulkan+feuer,11.718772863617914,-0.0005980770610634962,-0.09315754254874503,0.033831083614101636,von vulkan+feuer
türkisen,6.134371833971794,0.013128235537883016,-0.03170891067052424,0.004123977692982377,türkisen
vulkan+feuer türkisen,6.134371833971794,0.013128235537883016,-0.03170891067052424,0.004123977692982377,vulkan+feuer türkisen
Meer,5.529883825547079,0.0156161224311213,-0.02028938284062603,-0.0016218631422974985,Meer
türkisen meer,5.529883825547079,0.0156161224311213,-0.02028938284062603,-0.0016218631422974985,türkisen meer
Gili-Inseln,5.12584425636966,0.017491076708844245,-0.011604989475069735,-0.00603880135802393,Gili-Inseln
meer gili-insel+n,5.12584425636966,0.017491076708844245,-0.011604989475069735,-0.00603880135802393,meer gili-insel+n
üppigen,4.62532261656479,0.020107743296581035,0.0006383214615928494,-0.012335651492968116,üppigen
gili-insel+n üppig+en,4.62532261656479,0.020107743296581035,0.0006383214615928494,-0.012335651492968116,gili-insel+n üppig+en
Grün,4.456729029906313,0.021075948452894174,0.0052074277386658175,-0.014706654342603096,Grün
üppig+en grün,4.456729029906313,0.021075948452894174,0.0052074277386658175,-0.014706654342603096,üppig+en grün
grün reis+terrasse+n,4.298806247623484,0.022028480265642483,0.009724099042170293,-0.017061778410735008,grün reis+terrasse+n
Gold,4.006137867477701,0.023924379301646516,0.018779952610536728,-0.02181793431125609,Gold
reis+terrasse+n gold,4.006137867477701,0.023924379301646516,0.018779952610536728,-0.02181793431125609,reis+terrasse+n gold
balinesischen,2.836601966924791,0.033911776348826875,0.06808903691063359,-0.04854145888848515,balinesischen
gold balinesisch+en,2.836601966924791,0.033911776348826875,0.06808903691063359,-0.04854145888848515,gold balinesisch+en
Tempel,2.7700883028778844,0.034644607648924776,0.07182150292806642,-0.0506233962369266,Tempel
balinesisch+en tempel,2.7700883028778844,0.034644607648924776,0.07182150292806642,-0.0506233962369266,balinesisch+en tempel
besten,2.729097474090257,0.035108321287563395,0.07419176838725972,-0.051950002424448166,besten
packst,2.757284992714078,0.034788433785340245,0.072555963662677,-0.051034089723317286,packst
gut+esten pack+st,2.757284992714078,0.034788433785340245,0.072555963662677,-0.051034089723317286,gut+esten pack+st
Koff…,2.836601966924791,0.033911776348826875,0.06808903691063359,-0.04854145888848515,Koff…
pack+st koff…,2.836601966924791,0.033911776348826875,0.06808903691063359,-0.04854145888848515,pack+st koff…
koff… vergis+s,2.869141082673704,0.033561758650855616,0.06631208167278015,-0.04755331042353976,koff… vergis+s
der…,2.8579876998919738,0.033681120973660654,0.06691763830876546,-0.047889836780123825,der…
gold der…,2.8579876998919738,0.033681120973660654,0.06691763830876546,-0.047889836780123825,gold der…
+503,2.826341781491394,0.03402328159051672,0.06865590247888297,-0.04885709671082218,+503
der… +503,2.826341781491394,0.03402328159051672,0.06865590247888297,-0.04885709671082218,der… +503
+503 chars,2.801852752323131,0.03429167079575999,0.07002187798571106,-0.0496185041997181,+503 chars
Seit,10.943832179092302,-0.000244946491063094,-0.08824717444014762,0.03196759094379325,Seit
2023,13.77813599502153,-0.0035906304904199026,-0.10634272042375692,0.03993719804324981,2023
seit 2023,13.136820741269469,-0.0027265867463378782,-0.1025394295089601,0.03818569281073911,seit 2023
aktiv,11.241074847815453,0.00019807613627984507,-0.08964245563912955,0.03218711113387204,aktiv
2023 aktiv,9.885995009964748,0.002726826638612847,-0.07845026684467464,0.026907607214468,2023 aktiv
Indonesischer,15.407479593038094,-0.005562363200776245,-0.1150142645895005,0.04390080904773703,Indonesischer
aktiv indonesisch+er,9.019108329961902,0.004601145848049868,-0.07012147906415837,0.022934480336530123,aktiv indonesisch+er
indonesisch+er vulkan,28.825433124217092,-0.015289831348240048,-0.15782050109539814,0.0628562399356451,indonesisch+er vulkan
spuckt,13.56888327761584,-0.0033147345330851352,-0.10512856542074546,0.03937891712746265,spuckt
vulkan spuck+t,13.56888327761584,-0.0033147345330851352,-0.10512856542074546,0.03937891712746265,vulkan spuck+t
zehn,17.100587965082788,-0.013615854640650705,-0.1120803960825744,0.04745087996579934,zehn
spuck+t zehn,11.198840769207475,0.00027063767037997934,-0.08932190531061805,0.032036855985821865,spuck+t zehn
Kilometer,17.873938444383302,-0.04373451195878397,-0.1302426850248386,0.06959057882535975,Kilometer
zehn kilo+meter,14.006492512989423,-0.014376448228869075,-0.08039212911276915,0.03731373945473819,zehn kilo+meter
hohe,13.365319037183047,-0.05818910905773596,-0.15556333138477935,0.08489152053861887,hohe
kilo+meter hoch+e,11.507234056534973,-0.05135239610840145,-0.13929304462777503,0.07640034927493981,kilo+meter hoch+e
Aschesäule,16.961083640240375,-0.019077175628104986,-0.0938175274684354,0.0444614785253477,Aschesäule
hoch+e asche+säule,8.99820634963902,0.004649279092991166,-0.06990716252258332,0.02283174591149687,hoch+e asche+säule
Hier,3.3590329432345105,0.028868787538383147,0.042838646388462936,-0.034678998163709625,Hier
asche+säule hier,3.3590329432345105,0.028868787538383147,0.042838646388462936,-0.034678998163709625,asche+säule hier
finden,3.2834658985703813,0.02952994637010054,0.046106819101468535,-0.03645183259584675,finden
hier find+en,3.2834658985703813,0.02952994637010054,0.046106819101468535,-0.03645183259584675,hier find+en
Sie,5.934550184664681,0.013913092046411696,-0.028118506134179364,0.002325033678507579,Sie
find+en sie,3.193267367009608,0.03034664212740511,0.05016112800906359,-0.038659840713722415,find+en sie
Informationen,3.1482137600777564,0.030766390668210384,0.05225239359917209,-0.039802563588508005,Informationen
sie information+en,3.1482137600777564,0.030766390668210384,0.05225239359917209,-0.039802563588508005,sie information+en
Thema,3.1271718483308115,0.03096523470103323,0.053244865684497523,-0.04034578675033697,Thema
information+en thema,3.1271718483308115,0.03096523470103323,0.053244865684497523,-0.04034578675033697,information+en thema
thema seit,3.485965239780935,0.027802326041354932,0.0375930567845382,-0.031846533358315374,thema seit
Lesen,3.6479778042425246,0.026514976164869024,0.03130301656473068,-0.028471071598983266,Lesen
les+en sie,3.8296440549490383,0.025160178528040807,0.024731851850323696,-0.024968926417607607,les+en sie
sie indonesisch+er,4.36546108871411,0.021620810383726347,0.007788374743445769,-0.016051052401130642,sie indonesisch+er
Lewotobi,28.00861398312532,-0.009686731243624604,-0.15046536033568075,0.05750116090554222,Lewotobi
vulkan lewotobi,23.940258831113503,-0.012629698517229457,-0.14609011728711954,0.05776296925943034,vulkan lewotobi
Laki-Laki,22.521629228121373,-0.008121182059999243,-0.13230317319838109,0.050913228200830246,Laki-Laki
lewotobi laki-laki,22.521629228121373,-0.008121182059999243,-0.13230317319838109,0.050913228200830246,lewotobi laki-laki
indonesischen,8.462741225021562,0.0021405804575202257,-0.06768105143270282,0.02350931959466125,indonesischen
laki-laki indonesisch+en,5.2882744932378705,0.016714356769184674,-0.015211171046282583,-0.004199700404301094,laki-laki indonesisch+en
Insel,11.652145608203305,-0.03797144807960037,-0.1276606304672244,0.0657197840269274,Insel
indonesisch+en insel,8.86708854461092,-0.009299207307798972,-0.08174853162017531,0.03491274653692812,indonesisch+en insel
Flores,13.148974126226586,-0.016214775349078548,-0.09244332952113844,0.04240954442334013,Flores
insel flore+s,9.36094035007789,-0.018097783755866535,-0.09387744781162402,0.043937347819796184,insel flore+s
erneut,13.877282896808142,-0.06692766312312518,-0.11517293047758666,0.07691255946927865,erneut
flore+s erneut,7.75128534765925,-0.07142761706304483,-0.03287168114972595,0.05179626849450028,flore+s erneut
ausgebrochen,16.403851991916014,-0.1853453865476604,-0.28764101193035374,0.17880512543900673,ausgebrochen
erneut aus+ge+brech+en,9.689195319271553,-0.19575602334865125,-0.26081586098010506,0.1765301022419764,erneut aus+ge+brech+en
knapp,4.3615175548405665,-0.05002922185191925,-0.0563437435315151,0.04864073914149257,knapp
der knapp,4.3615175548405665,-0.05002922185191925,-0.0563437435315151,0.04864073914149257,der knapp
1.600,4.235759826396574,-0.0371325647092277,-0.041710333047687,0.03652916598775463,1.600
knapp 1.600,4.235759826396574,-0.0371325647092277,-0.041710333047687,0.03652916598775463,knapp 1.600
Meter,4.133316442277813,-0.027890229719871845,-0.03083598408360164,0.027514822277720882,Meter
1.600 meter,4.133316442277813,-0.027890229719871845,-0.03083598408360164,0.027514822277720882,1.600 meter
meter hoch+e,4.046368079499006,-0.020881142824096192,-0.022288221539386362,0.020452920588194205,meter hoch+e
Feuerberg,3.982575412764624,-0.01619068683354587,-0.016379835153083992,0.015598650550647748,Feuerberg
hoch+e feuer+berg,3.982575412764624,-0.01619068683354587,-0.016379835153083992,0.015598650550647748,hoch+e feuer+berg
spuckte,6.447992295487109,-0.006755455629120705,-0.054156385777405336,0.02387874798248642,spuckte
feuer+berg spuck+te,3.8723428411760965,-0.008903955918045919,-0.006812839620202673,0.007812833664421062,feuer+berg spuck+te
spuck+te asche+säule,3.7538406560416444,-0.002091526822321,0.002696513577540659,0.00020215465967780022,spuck+te asche+säule
asche+säule zehn,6.351314162939218,-0.007256322222558453,-0.004159293474110592,0.005849056578487346,asche+säule zehn
hoch,5.772441627268077,0.004855430817088766,-0.033934453168777176,0.009846542264357246,hoch
kilo+meter hoch,3.4808334480780925,0.010420420200625842,0.022387439491981583,-0.01497627025426387,kilo+meter hoch
Gip…,3.412788571920816,0.012992185437360092,0.02696204428743996,-0.01836683198336576,Gip…
hoch gip…,3.412788571920816,0.012992185437360092,0.02696204428743996,-0.01836683198336576,hoch gip…
+1703,2.556908561371033,0.027020731863089058,0.07604804658778909,-0.04756816765955946,+1703
gip… +1703,2.556908561371033,0.027020731863089058,0.07604804658778909,-0.04756816765955946,gip… +1703
+1703 char+s,2.5434468323640007,0.027679339916469484,0.07734957659174461,-0.04855282186916451,+1703 char+s
asche+säule der,4.889411279082696,0.018682430332847767,-0.006049196478164389,-0.008886040079703086,asche+säule der
der lewotobi,6.936156661125372,0.03395551483223893,-0.02000847892997541,-0.012930527283834247,der lewotobi
laki-laki flore+s,6.206676395261231,0.01592566169730103,0.020192393329342233,-0.017457575675408368,laki-laki flore+s
riesige,4.8067645309124805,-0.028146979761227677,0.18118773415071965,-0.06148663611323273,riesige
erneut riesig+e,4.8067645309124805,-0.028146979761227677,0.18118773415071965,-0.06148663611323273,erneut riesig+e
riesig+e asche+säule,5.979467611147428,-0.009467424174234447,0.0697615861275276,-0.022336670072721533,riesig+e asche+säule
Himmel,4.856891681550575,-0.08031597413133593,0.3428012288550775,-0.11754162364891133,Himmel
asche+säule himmel,4.856891681550575,-0.08031597413133593,0.3428012288550775,-0.11754162364891133,asche+säule himmel
geschleudert,4.959930536045524,-0.10067208493231254,0.3949277598430578,-0.13783783681564948,geschleudert
himmel ge+schleuder+t,4.959930536045524,-0.10067208493231254,0.3949277598430578,-0.13783783681564948,himmel ge+schleuder+t
nahe,5.631513074530661,-0.21996815927999658,0.6396563734676673,-0.25641240271968285,nahe
der nah+e,5.631513074530661,-0.21996815927999658,0.6396563734676673,-0.25641240271968285,der nah+e
Flughafen,10.026791270529396,-0.3167734331142553,0.7525153142674668,-0.3134695803642144,Flughafen
nah+e flug+hafen,6.358698941172785,-0.33752075878933685,0.8139714589956946,-0.3736009246683827,nah+e flug+hafen
wurde,8.743286891938022,-0.13400742236915975,0.4095670630099548,-0.1273823854366049,wurde
flug+hafen werd+e,8.743286891938022,-0.13400742236915975,0.4095670630099548,-0.1273823854366049,flug+hafen werd+e
geschlossen,5.223012633346995,-0.1217271411463067,0.4411059922873931,-0.1560374797132494,geschlossen
werd+e ge+schließ+en,5.223012633346995,-0.1217271411463067,0.4411059922873931,-0.1560374797132494,werd+e ge+schließ+en
Behörden,4.380904223767311,-0.022821605789256513,0.18044790505512406,-0.06439572851145993,Behörden
ge+schließ+en behörde+n,4.380904223767311,-0.022821605789256513,0.18044790505512406,-0.06439572851145993,ge+schließ+en behörde+n
warnen,6.689160358335151,-0.007166947009056827,0.03884566960129808,-0.011001174274660967,warnen
behörde+n warn+en,4.477045204992149,-0.008910074603988355,0.12559823367697318,-0.04708165281806692,behörde+n warn+en
weiteren,6.480200853054549,-0.029356363601546035,0.010300619270840215,0.013063862951024055,weiteren
warn+en weit+er+en,4.750870596173406,-0.0035694222218413422,0.09274102482395101,-0.03572920202329704,warn+en weit+er+en
Gefahren,6.7162498995896405,-0.002152275647924703,0.01696535834900125,-0.005293057960548988,Gefahren
weit+er+en gefahr+en,5.169369084270816,-0.00084335122715517,0.06426956604156996,-0.025231715523925162,weit+er+en gefahr+en
Kopiere,2.5813260917259604,-0.0006561534812853789,0.22178067147659836,-0.099463807500776,Kopiere
aktuellen,2.5487571850485007,0.004225289387095697,0.20834595080486923,-0.09562160634942891,aktuellen
kopier+e aktuell+en,2.5487571850485007,0.004225289387095697,0.20834595080486923,-0.09562160634942891,kopier+e aktuell+en
Link,2.5247700607841748,0.0075517814956259765,0.19926850022226825,-0.09311410035770078,Link
aktuell+en link,2.5247700607841748,0.0075517814956259765,0.19926850022226825,-0.09311410035770078,aktuell+en link
Zur,2.5114976557740207,0.009298325481335098,0.19454202049247543,-0.09184004986750717,Zur
link zu,2.5114976557740207,0.009298325481335098,0.19454202049247543,-0.09184004986750717,link zu
Merkliste,2.5030578899730216,0.010375126202735889,0.19164527037340412,-0.09107080927772761,Merkliste
zu merk+liste,2.5030578899730216,0.010375126202735889,0.19164527037340412,-0.09107080927772761,zu merk+liste
hinzufügen,2.4832259472857383,0.01280504526848145,0.18516730814756938,-0.08938516716657986,hinzufügen
merk+liste hinzu+füg+en,2.4832259472857383,0.01280504526848145,0.18516730814756938,-0.08938516716657986,merk+liste hinzu+füg+en
hinzu+füg+en der,2.476984258627258,0.00903985036936076,0.19909584668458816,-0.0940001879918454,hinzu+füg+en der
Behörd…,2.50493316596069,-0.05596387511921496,0.3951166080214267,-0.16643819724148665,Behörd…
ge+schließ+en behörd…,2.50493316596069,-0.05596387511921496,0.3951166080214267,-0.16643819724148665,ge+schließ+en behörd…
+1797,2.4674321176123586,-0.04351882986556271,0.36422778564527203,-0.1543654153235248,+1797
behörd… +1797,2.4674321176123586,-0.04351882986556271,0.36422778564527203,-0.1543654153235248,behörd… +1797
+1797 char+s,2.4471919374380224,-0.037000348955381936,0.3475796220292483,-0.1480897013565962,+1797 char+s
+2329,2.556908561371033,0.027020731863089058,0.07604804658778909,-0.04756816765955946,+2329
gip… +2329,2.556908561371033,0.027020731863089058,0.07604804658778909,-0.04756816765955946,gip… +2329
+2329 char+s,2.5434468323640007,0.027679339916469484,0.07734957659174461,-0.04855282186916451,+2329 char+s
laki-laki erneut,6.020798818590721,-0.03954622004088152,-0.0781334094320033,0.05042080777492803,laki-laki erneut
nan,3.490443994034197,-0.014139866820684303,0.0003738685143124004,0.008129469524889644,nan
aus+ge+brech+en nan,3.490443994034197,-0.014139866820684303,0.0003738685143124004,0.008129469524889644,aus+ge+brech+en nan
nan auf,3.497899376832872,-0.0020194562413386173,0.01082563613121431,-0.002978310405418248,nan auf
auf indonesisch+en,5.280332040924202,0.010282417662043658,-0.020909168634975182,0.0018066303599694677,auf indonesisch+en
flore+s vulkan,11.718772863617914,-0.0005980770610634962,-0.09315754254874503,0.033831083614101636,flore+s vulkan
zweimal,6.936435827892717,-0.02270662631366579,-0.08494746769068266,0.043501601037656615,zweimal
laki-laki zweimal,5.986593628483199,-0.033848849394694513,-0.07243603878581635,0.04539535895357972,laki-laki zweimal
zweimal aus+ge+brech+en,6.210516940792363,-0.13994008573534192,-0.17224350200561156,0.12912452095443114,zweimal aus+ge+brech+en
Nach,6.745480874949046,-0.02688330797241138,-0.07639342542342595,0.042916448100909006,Nach
Ausbruch,11.193774642744422,-0.012779430129625683,-0.1014619175418043,0.04349291037143478,Ausbruch
nach ausbruch,4.703126608298429,-0.015319797560653678,-0.032931115102816946,0.021170823330921112,nach ausbruch
gestern,3.1957475378495017,0.01578059075306306,0.03726659368402468,-0.024238056521573088,gestern
ausbruch gestern,3.1957475378495017,0.01578059075306306,0.03726659368402468,-0.024238056521573088,ausbruch gestern
Abend,3.258174335259565,0.025175961349072747,0.0431936387547821,-0.032504682351762806,Abend
gestern abend,3.258174335259565,0.025175961349072747,0.0431936387547821,-0.032504682351762806,gestern abend
brach,5.649287214043679,0.025015034913967504,-0.03564932861332458,-0.0015772881433662993,brach
abend brech,3.327515478828124,0.02914207050434703,0.04418800131149512,-0.035410203116751235,abend brech
heute,3.485965239780935,0.027802326041354932,0.0375930567845382,-0.031846533358315374,heute
brech heute,3.485965239780935,0.027802326041354932,0.0375930567845382,-0.031846533358315374,brech heute
Früh,3.622065438773719,0.02671563578621063,0.03228046480251025,-0.028994113636303984,Früh
heute früh,3.622065438773719,0.02671563578621063,0.03228046480251025,-0.028994113636303984,heute früh
früh erneut,3.763449711425417,0.025643609150316164,0.027071020388439105,-0.0262127857831312,früh erneut
schleuderte,5.39230358495897,0.013306219219662298,-0.020097157274324443,-0.000306362045959499,schleuderte
erneut schleuder+te,5.39230358495897,0.013306219219662298,-0.020097157274324443,-0.000306362045959499,erneut schleuder+te
Vulkangestein,7.0389472863261355,0.009959242381752187,-0.04610213465706329,0.011265701897775673,Vulkangestein
schleuder+te vulkan+gestein,7.0389472863261355,0.009959242381752187,-0.04610213465706329,0.011265701897775673,schleuder+te vulkan+gestein
vulkan+gestein zehn,4.36546108871411,0.021620810383726347,0.007788374743445769,-0.016051052401130642,vulkan+gestein zehn
Kilom…,4.075784108517777,0.02345669648680824,0.016537702734771384,-0.020636032254052646,Kilom…
zehn kilom…,4.075784108517777,0.02345669648680824,0.016537702734771384,-0.020636032254052646,zehn kilom…
+850,3.763449711425417,0.025643609150316164,0.027071020388439105,-0.0262127857831312,+850
kilom… +850,3.763449711425417,0.025643609150316164,0.027071020388439105,-0.0262127857831312,kilom… +850
+850 chars,3.622065438773719,0.02671563578621063,0.03228046480251025,-0.028994113636303984,+850 chars
Über,7.569363331537403,0.008342971880116302,-0.05338527141722314,0.01483687640275389,Über
aus+ge+brech+en über,4.802519896584664,0.01913978987242917,-0.003908202955003239,-0.009987758606959756,aus+ge+brech+en über
über vulkan,11.718772863617914,-0.0005980770610634962,-0.09315754254874503,0.033831083614101636,über vulkan
ragt,5.70191026218696,0.014872472182067949,-0.0237147172090539,0.00010903325967671322,ragt
laki-laki rag+t,5.70191026218696,0.014872472182067949,-0.0237147172090539,0.00010903325967671322,laki-laki rag+t
rag+t asche+säule,5.20412405727175,0.017112710833744924,-0.013363225355061757,-0.0051412426579727985,rag+t asche+säule
Höhe,5.68310901171803,-0.045235089420951745,0.17957044534106406,-0.050397097366848255,Höhe
kilo+meter höhe,5.68310901171803,-0.045235089420951745,0.17957044534106406,-0.050397097366848255,kilo+meter höhe
örtliche,5.081894671917927,-0.08358098849336985,0.34503952937046173,-0.11689987752809687,örtliche
der örtlich+e,5.081894671917927,-0.08358098849336985,0.34503952937046173,-0.11689987752809687,der örtlich+e
örtlich+e flug+hafen,5.945172949134116,-0.19429907275918806,0.5854549104011435,-0.22342662123857673,örtlich+e flug+hafen
gesperrt,5.57086030076464,-0.018738098053217505,0.11927396370551475,-0.03824163216323357,gesperrt
werd+e ge+sperr+t,5.57086030076464,-0.018738098053217505,0.11927396370551475,-0.03824163216323357,werd+e ge+sperr+t
Weil,5.974286621412665,0.013754234276990717,-0.028846093193965562,0.002690148288837601,Weil
indonesische,6.893105852310147,0.010432308588411706,-0.04396343356398581,0.01021158140369052,indonesische
weil indonesisch+e,6.893105852310147,0.010432308588411706,-0.04396343356398581,0.01021158140369052,weil indonesisch+e
indonesisch+e vulkan,11.718772863617914,-0.0005980770610634962,-0.09315754254874503,0.033831083614101636,indonesisch+e vulkan
seit,11.91413622681762,-0.0009112792996392452,-0.09453939688318141,0.034475508471124704,seit
vulkan seit,8.033190180830983,0.007048563255175501,-0.05919322648726599,0.017664170122980792,vulkan seit
immer,5.131855869807636,0.00657250320306417,-0.021607899508322006,0.004274236234907041,immer
2023 immer,4.179598533048115,0.02277915111295449,0.01329904557079468,-0.018933883842065496,2023 immer
ausbricht,3.67498732351726,0.02630785682697129,0.030295245231948015,-0.02793237577056228,ausbricht
immer aus+brech+t,3.67498732351726,0.02630785682697129,0.030295245231948015,-0.02793237577056228,immer aus+brech+t
gilt,8.229438465306178,0.058381237499812264,-0.08514162342499959,-0.004324722121667002,gilt
aus+brech+t gelt,3.465129343642746,0.052012118527683504,0.02919341667059478,-0.04387320136237192,aus+brech+t gelt
schon,4.258391981028851,0.05927210817449198,-0.0035567271422511917,-0.035382506323452856,schon
gelt schon,3.416341147990926,0.07599161943495386,0.021832676939259735,-0.05673651072187064,gelt schon
länger,3.3800276606294037,0.10874023932523712,0.009946253960024987,-0.0744882701172533,länger
schon lang+er,3.3800276606294037,0.10874023932523712,0.009946253960024987,-0.0744882701172533,schon lang+er
höchste,3.456676971487055,0.1878065115391896,-0.029101941114974113,-0.11792290983775987,höchste
lang+er hoch+st+e,3.456676971487055,0.1878065115391896,-0.029101941114974113,-0.11792290983775987,lang+er hoch+st+e
Warnstufe,6.161699242489176,0.330113244881645,-0.19521487424167255,-0.17850130622381088,Warnstufe
hoch+st+e warn+stufe,6.161699242489176,0.330113244881645,-0.19521487424167255,-0.17850130622381088,hoch+st+e warn+stufe
Stand,3.654971993973809,0.1266170016511837,-0.009750398328933896,-0.07918998847178763,Stand
15.10.2025,3.7198188632417977,0.06905751563380297,0.011801029972370623,-0.04797305819134324,15.10.2025
stand 15.10.2025,3.7198188632417977,0.06905751563380297,0.011801029972370623,-0.04797305819134324,stand 15.10.2025
12:32,4.02865120716822,0.023772011566568035,0.01804883436968776,-0.021432248230753983,12:32
15.10.2025 12:32,4.02865120716822,0.023772011566568035,0.01804883436968776,-0.021432248230753983,15.10.2025 12:32
Uhr,4.36546108871411,0.021620810383726347,0.007788374743445769,-0.016051052401130642,Uhr
12:32 uhr,4.36546108871411,0.021620810383726347,0.007788374743445769,-0.016051052401130642,12:32 uhr
uhr über,4.802519896584664,0.01913978987242917,-0.003908202955003239,-0.009987758606959756,uhr über
+1625,3.984280526097356,0.024073412795357272,0.0194956444568979,-0.022195773168803994,+1625
2023 +1625,3.984280526097356,0.024073412795357272,0.0194956444568979,-0.022195773168803994,2023 +1625
+1625 chars,3.763449711425417,0.025643609150316164,0.027071020388439105,-0.0262127857831312,+1625 chars
vulkan aus+ge+brech+en,5.323617183000947,-0.03436422696384078,-0.06214384164744407,0.04215104522537049,vulkan aus+ge+brech+en
Höchste,4.137187851634268,0.09098428349744904,-0.02734108259118469,-0.047113907290263435,Höchste
aus+ge+brech+en hoch+st+e,4.137187851634268,0.09098428349744904,-0.02734108259118469,-0.047113907290263435,aus+ge+brech+en hoch+st+e
warn+stufe gelt,3.6562059571984555,0.13335763015134475,-0.019818999381871982,-0.07999416441012523,warn+stufe gelt
gelt der,3.517993979704473,0.11125551495220341,-0.003399170606861427,-0.07076185868517472,gelt der
flore+s brech,3.040805286951557,0.063836367926024,0.0421332835428016,-0.05706872400278815,flore+s brech
binnen,2.991471030780411,0.06092947147510908,0.04621498961952684,-0.056860210358720825,binnen
brech binnen,2.991471030780411,0.06092947147510908,0.04621498961952684,-0.056860210358720825,brech binnen
kurzer,2.9404367140801204,0.05822628551664925,0.05036832854078036,-0.05683013534666816,kurzer
binnen kurz+er,2.9404367140801204,0.05822628551664925,0.05036832854078036,-0.05683013534666816,binnen kurz+er
kurz+er zeit,2.895124906468983,0.05606930677667326,0.05400715838113923,-0.056953770713699545,kurz+er zeit
gleich,5.071328924334538,0.02866027731754738,-0.015690326720139574,-0.011302865355223023,gleich
zeit gleich,2.865685057735096,0.054783951386627935,0.056350976559581184,-0.0571068336782159,zeit gleich
gleich zweimal,2.827939661259731,0.053263467464613926,0.05933672919518203,-0.057384092840110965,gleich zweimal
Anwohner,2.8186378934129586,0.043679668034886605,0.06548276242552592,-0.05374082456728644,Anwohner
Touristen,2.874839462258449,0.033501019218348645,0.06600409992688099,-0.04738224191642696,Touristen
anwohner tourist+en,2.874839462258449,0.033501019218348645,0.06600409992688099,-0.04738224191642696,anwohner tourist+en
sollen,2.936803477881405,0.03285096335671353,0.06271493339019775,-0.045558894548942325,sollen
tourist+en soll+en,2.936803477881405,0.03285096335671353,0.06271493339019775,-0.045558894548942325,tourist+en soll+en
Evakuierungen,3.060181217936117,0.03161059231841632,0.056473974510873465,-0.04211729031762785,Evakuierungen
soll+en evakuierung+en,3.060181217936117,0.03161059231841632,0.056473974510873465,-0.04211729031762785,soll+en evakuierung+en
vorbereiten,3.205207854030625,0.030236742035279228,0.04961443114190643,-0.03836153887842698,vorbereiten
evakuierung+en vor+bereit+en,3.205207854030625,0.030236742035279228,0.04961443114190643,-0.03836153887842698,evakuierung+en vor+bereit+en
späten,3.111838371004788,0.012071733319028756,0.037281874160468534,-0.021967479398456866,späten
ausbruch spät+en,3.111838371004788,0.012071733319028756,0.037281874160468534,-0.021967479398456866,ausbruch spät+en
Dienstagabend,3.0446619617666046,0.015520222151147641,0.04302132910147932,-0.026429993949507995,Dienstagabend
spät+en dienstag+abend,3.0446619617666046,0.015520222151147641,0.04302132910147932,-0.026429993949507995,spät+en dienstag+abend
dienstag+abend brech,2.935911122141449,0.020423496758373155,0.05190860252030978,-0.033148440210898314,dienstag+abend brech
frühen,2.8616125821890286,0.02336695343936885,0.057773104930924545,-0.03744930425877757,frühen
brech früh+en,2.8616125821890286,0.02336695343936885,0.057773104930924545,-0.03744930425877757,brech früh+en
Mittwochmorgen,2.8241208558533586,0.024744957986324468,0.060688026116333574,-0.0395477113312787,Mittwochmorgen
früh+en mittwoch+morgen,2.8241208558533586,0.024744957986324468,0.060688026116333574,-0.0395477113312787,früh+en mittwoch+morgen
mittwoch+morgen erneut,2.7547659589699376,0.027126897179468517,0.0660274308893731,-0.04332513129085617,mittwoch+morgen erneut
Vul…,2.656893858263115,0.030167914119930344,0.07350436020100284,-0.04847703211193646,Vul…
schleuder+te vul…,2.656893858263115,0.030167914119930344,0.07350436020100284,-0.04847703211193646,schleuder+te vul…
+1292,2.638608915825408,0.03069965529718598,0.07490024248823278,-0.04942206045271799,+1292
vul… +1292,2.638608915825408,0.03069965529718598,0.07490024248823278,-0.04942206045271799,vul… +1292
+1292 char+s,2.62132750577745,0.03119265972594137,0.07622052563454462,-0.050311296398819955,+1292 char+s
Podcast,2.5201742246900443,0.03762933899591934,0.08719398397307648,-0.05929021284324875,Podcast
Buchmesse,3.3796976507235015,0.028691483953330238,0.041964329024168044,-0.03420578039149474,Buchmesse
podcast buch+messe,2.5537641798675184,0.03720503559925493,0.0849918224711066,-0.05803943170898769,podcast buch+messe
buch+messe sie,2.579350989457198,0.036886936775983065,0.08334454770229749,-0.05710585170862149,buch+messe sie
sie schon,2.6154375780132897,0.03644559136980045,0.08106424913033676,-0.05581637301878975,sie schon
gewöhnen,2.672225885120117,0.03576770786824617,0.0775735836053494,-0.053848846952137035,gewöhnen
schon gewöhn+en,2.672225885120117,0.03576770786824617,0.0775735836053494,-0.053848846952137035,schon gewöhn+en
Sprache,2.7369223502881823,0.0350190687329001,0.07373504318786138,-0.05169410672837818,Sprache
gewöhn+en sprache,2.7369223502881823,0.0350190687329001,0.07373504318786138,-0.05169410672837818,gewöhn+en sprache
schreiben,2.7700883028778844,0.034644607648924776,0.07182150292806642,-0.0506233962369266,schreiben
sprache schreib+en,2.7700883028778844,0.034644607648924776,0.07182150292806642,-0.0506233962369266,sprache schreib+en
Darumherumreden,2.904631299088387,0.03318611790252422,0.06440916612003583,-0.046497265658831013,Darumherumreden
schreib+en darumherumrede+n,2.904631299088387,0.03318611790252422,0.06440916612003583,-0.046497265658831013,schreib+en darumherumrede+n
gibt,3.0177347433243167,0.032029527900126045,0.05857673928541089,-0.04327424042024355,gibt
darumherumrede+n geb+t,3.0177347433243167,0.032029527900126045,0.05857673928541089,-0.04327424042024355,darumherumrede+n geb+t
Gespräch,3.097267943132247,0.03125097136969727,0.054673065349977075,-0.04112853391560382,Gespräch
geb+t gespräch,3.097267943132247,0.03125097136969727,0.054673065349977075,-0.04112853391560382,geb+t gespräch
Patrick,3.2428383750212166,0.02989399202206409,0.047911669427773536,-0.03743357012937231,Patrick
gespräch patrick,3.2428383750212166,0.02989399202206409,0.047911669427773536,-0.03743357012937231,gespräch patrick
Bahners,3.3590329432345105,0.028868787538383147,0.042838646388462936,-0.034678998163709625,Bahners
patrick bahners,3.3590329432345105,0.028868787538383147,0.042838646388462936,-0.034678998163709625,patrick bahners
stellt,3.506620798940282,0.027633745745250085,0.03676677174241795,-0.03140181871847727,stellt
bahners stell+t,3.506620798940282,0.027633745745250085,0.03676677174241795,-0.03140181871847727,bahners stell+t
Annette,3.67498732351726,0.02630785682697129,0.030295245231948015,-0.02793237577056228,Annette
stell+t annette,3.67498732351726,0.02630785682697129,0.030295245231948015,-0.02793237577056228,stell+t annette
Pehnt,3.9424094552123456,0.024362003402011174,0.02088313829890092,-0.022929100070701387,Pehnt
annette pehnt,3.9424094552123456,0.024362003402011174,0.02088313829890092,-0.022929100070701387,annette pehnt
Buch,2.5537641798675184,0.03720503559925493,0.0849918224711066,-0.05803943170898769,Buch
pehnt buch,2.5537641798675184,0.03720503559925493,0.0849918224711066,-0.05803943170898769,pehnt buch
Einen,5.20412405727175,0.017112710833744924,-0.013363225355061757,-0.0051412426579727985,Einen
buch ein+en,5.20412405727175,0.017112710833744924,-0.013363225355061757,-0.0051412426579727985,buch ein+en
ein+en vulkan,7.0389472863261355,0.009959242381752187,-0.04610213465706329,0.011265701897775673,ein+en vulkan
besteigen,5.052774373293996,0.017851293681296614,-0.00992832100230698,-0.00689628871690719,besteigen
vulkan besteig+en,5.052774373293996,0.017851293681296614,-0.00992832100230698,-0.00689628871690719,vulkan besteig+en
F.A.Z.-Stand,3.984280526097356,0.024073412795357272,0.0194956444568979,-0.022195773168803994,F.A.Z.-Stand
besteig+en f.a.z.-stand,3.984280526097356,0.024073412795357272,0.0194956444568979,-0.022195773168803994,besteig+en f.a.z.-stand
f.a.z.-stand buch+messe,2.5537641798675184,0.03720503559925493,0.0849918224711066,-0.05803943170898769,f.a.z.-stand buch+messe
Eine,4.601543436984139,-0.011026040942052716,-0.026881964609453697,0.01650496958219746,Eine
Frau,5.482984653042601,-0.002431349073782812,-0.035920737392557425,0.014834811347966869,Frau
ein frau,3.13757674677497,0.030866683104749267,0.0527528295680526,-0.04007640061533877,ein frau
Schwester,2.923628742511898,0.032987603720445506,0.06340525352084378,-0.045941025275951515,Schwester
frau schwester,2.923628742511898,0.032987603720445506,0.06340525352084378,-0.045941025275951515,frau schwester
wählt,2.863524479621816,0.03362178766581837,0.06661657084850127,-0.047722496221393504,wählt
schwester wähl+t,2.863524479621816,0.03362178766581837,0.06661657084850127,-0.047722496221393504,schwester wähl+t
erfolgreicher,2.8066236101657753,0.03423913356744968,0.06975431549285178,-0.049469271499960485,erfolgreicher
wähl+t erfolgreich+er,2.8066236101657753,0.03423913356744968,0.06975431549285178,-0.049469271499960485,wähl+t erfolgreich+er
Komponist,2.744926652906259,0.03492812996516737,0.07326994053370411,-0.05143365119102266,Komponist
erfolgreich+er komponist,2.744926652906259,0.03492812996516737,0.07326994053370411,-0.05143365119102266,erfolgreich+er komponist
Uraufführung,2.672225885120117,0.03576770786824617,0.0775735836053494,-0.053848846952137035,Uraufführung
komponist uraufführung,2.672225885120117,0.03576770786824617,0.0775735836053494,-0.053848846952137035,komponist uraufführung
Spitzenpolitiker,2.6181853933205135,0.03641232755451035,0.0808926299632478,-0.05571945868671212,Spitzenpolitiker
uraufführung spitze+n+politiker,2.6181853933205135,0.03641232755451035,0.0808926299632478,-0.05571945868671212,uraufführung spitze+n+politiker
wiedergewählt,2.562812840465387,0.03709204316305398,0.08440633052654768,-0.05770740950591302,wiedergewählt
spitze+n+politiker wieder+ge+wähl+t,2.562812840465387,0.03709204316305398,0.08440633052654768,-0.05770740950591302,spitze+n+politiker wieder+ge+wähl+t
wieder+ge+wähl+t frau,3.13757674677497,0.030866683104749267,0.0527528295680526,-0.04007640061533877,wieder+ge+wähl+t frau
Schwa…,2.43875254291176,0.03869092062632828,0.09272830314403607,-0.062447454722513805,Schwa…
frau schwa…,2.43875254291176,0.03869092062632828,0.09272830314403607,-0.062447454722513805,frau schwa…
+362,2.427353804092994,0.03884343275990531,0.09352629088244435,-0.06290434256660656,+362
schwa… +362,2.427353804092994,0.03884343275990531,0.09352629088244435,-0.06290434256660656,schwa… +362
+362 char+s,2.420484948262533,0.03893581357647834,0.09401000900039044,-0.063181498795914,+362 char+s
Eigentlich,3.2695657953858976,0.029653808917969843,0.04672047240871165,-0.03678541044190465,Eigentlich
eigentlich seit,3.44672138901713,0.02812636453207202,0.03918352947217856,-0.03270365352789759,eigentlich seit
710.000,4.9980669432147815,0.018125577125634312,-0.008649804763632973,-0.007551181359586805,710.000
seit 710.000,3.5502129077702156,0.027282332444661498,0.03504687027334291,-0.030477415153747165,seit 710.000
Jahren,8.806114485601784,0.005098723493470196,-0.06790486495345911,0.021870722657573432,Jahren
710.000 jahr+en,3.763449711425417,0.025643609150316164,0.027071020388439105,-0.0262127857831312,710.000 jahr+en
erloschen,7.292779741009216,0.009166240180425651,-0.049680014885603814,0.013023641273197713,erloschen
jahr+en erlösch+en,4.02865120716822,0.023772011566568035,0.01804883436968776,-0.021432248230753983,jahr+en erlösch+en
Zombie,4.920103667022209,0.018523469188665848,-0.006792256754550869,-0.008504259907366035,Zombie
erlösch+en zombie,4.920103667022209,0.018523469188665848,-0.006792256754550869,-0.008504259907366035,erlösch+en zombie
-Vulkan,6.521009003547662,0.011702183536896496,-0.03820566083145116,0.007361425234098248,-Vulkan
zombie -vulkan,6.521009003547662,0.011702183536896496,-0.03820566083145116,0.007361425234098248,zombie -vulkan
ausbrechen,4.298806247623485,0.022028480265642046,0.009724099042170073,-0.017061778410735237,ausbrechen
-vulkan aus+brech+en,4.298806247623485,0.022028480265642046,0.009724099042170073,-0.017061778410735237,-vulkan aus+brech+en
Ein,13.756440208910881,-0.004880416889062257,-0.10745399258466484,0.041033984477609066,Ein
aus+brech+en ein,5.584628561995783,0.015376155772596201,-0.021395845969646096,-0.001062048217616576,aus+brech+en ein
ein vulkan,16.157691160341713,-0.0063783444257844496,-0.11860092272164932,0.04552805813298402,ein vulkan
Iran,6.758972351887279,0.010879319536917767,-0.04193946256705227,0.009211734793668472,Iran
vulkan iran,4.697333662619082,0.019708486726276217,-0.0012395595380012478,-0.011364511044754944,vulkan iran
iran seit,3.44672138901713,0.02812636453207202,0.03918352947217856,-0.03270365352789759,iran seit
Jahrtausenden,3.8296440549490383,0.025160178528040807,0.024731851850323696,-0.024968926417607607,Jahrtausenden
seit jahr+tausend+en,3.8296440549490383,0.025160178528040807,0.024731851850323696,-0.024968926417607607,seit jahr+tausend+en
jahr+tausend+en erlösch+en,4.02865120716822,0.023772011566568035,0.01804883436968776,-0.021432248230753983,jahr+tausend+en erlösch+en
galt,4.441386728933558,0.02116648956456161,0.005635823051686926,-0.014929547723281835,galt
erlösch+en gelt,4.441386728933558,0.02116648956456161,0.005635823051686926,-0.014929547723281835,erlösch+en gelt
zeigt,10.688177435417868,-0.03180449933873608,-0.11602180654581852,0.05870217753046011,zeigt
gelt zeig+t,4.3324703600091174,0.021821534537979668,0.008740966063948518,-0.016548182262202282,gelt zeig+t
Anzeichen,4.221301248668277,0.02251330919195109,0.01203143811205484,-0.018269257699425976,Anzeichen
zeig+t anzeichen,3.1590917364867854,0.03066430096043971,0.051743291329719054,-0.03952413734504474,zeig+t anzeichen
Aktivität,4.333741934683916,0.021813760002745774,0.008704051864252943,-0.016528908443726394,Aktivität
anzeichen aktivität,4.333741934683916,0.021813760002745774,0.008704051864252943,-0.016528908443726394,anzeichen aktivität
Forscher,4.365660011275368,0.021619606262582726,0.007782663172543594,-0.01604807321342645,Forscher
beobachten,3.795746911103599,0.025406317558920876,0.02592206952114506,-0.02560144009312952,beobachten
forscher beobacht+en,3.795746911103599,0.025406317558920876,0.02592206952114506,-0.02560144009312952,forscher beobacht+en
Bewegungen,4.298806247623485,0.022028480265642046,0.009724099042170073,-0.017061778410735237,Bewegungen
beobacht+en bewegung+en,4.298806247623485,0.022028480265642046,0.009724099042170073,-0.017061778410735237,beobacht+en bewegung+en
Vulkanspitze,7.0389472863261355,0.009959242381752187,-0.04610213465706329,0.011265701897775673,Vulkanspitze
bewegung+en vulkan+spitze,7.0389472863261355,0.009959242381752187,-0.04610213465706329,0.011265701897775673,bewegung+en vulkan+spitze
vulkan+spitze warn+en,4.179598533048115,0.02277915111295449,0.01329904557079468,-0.018933883842065496,vulkan+spitze warn+en
möglichen,3.7326290881073962,0.025872624857312267,0.028181318355632527,-0.026804277403723275,möglichen
warn+en möglich+en,3.7326290881073962,0.025872624857312267,0.028181318355632527,-0.026804277403723275,warn+en möglich+en
möglich+en gefahr+en,3.485965239780935,0.027802326041354932,0.0375930567845382,-0.031846533358315374,möglich+en gefahr+en
nahegelegene,3.8296440549490383,0.025160178528040807,0.024731851850323696,-0.024968926417607607,nahegelegene
gefahr+en nahe+ge+leg+en+e,3.8296440549490383,0.025160178528040807,0.024731851850323696,-0.024968926417607607,gefahr+en nahe+ge+leg+en+e
Städte,4.516366867497013,0.020727929805822807,0.0035625691129900967,-0.013851778257852644,Städte
nahe+ge+leg+en+e stadt+e,4.516366867497013,0.020727929805822807,0.0035625691129900967,-0.013851778257852644,nahe+ge+leg+en+e stadt+e
Grenzregion,4.36546108871411,0.021620810383726347,0.007788374743445769,-0.016051052401130642,Grenzregion
vulkan grenz+region,4.36546108871411,0.021620810383726347,0.007788374743445769,-0.016051052401130642,vulkan grenz+region
Iran-Pakistan,3.795746911103599,0.025406317558920876,0.02592206952114506,-0.02560144009312952,Iran-Pakistan
grenz+region iran-pakistan,3.795746911103599,0.025406317558920876,0.02592206952114506,-0.02560144009312952,grenz+region iran-pakistan
iran-pakistan 710.000,3.2834658985703813,0.02952994637010054,0.046106819101468535,-0.03645183259584675,iran-pakistan 710.000
Jahre,3.18160841624516,0.03045449026285233,0.050697958180602756,-0.03895293120947111,Jahre
710.000 jahr+e,3.18160841624516,0.03045449026285233,0.050697958180602756,-0.03895293120947111,710.000 jahr+e
jahr+e erlösch+en,3.0783493487530826,0.03143368464184181,0.055587580167116526,-0.041630388690181284,jahr+e erlösch+en
unerwartete,2.9108653815795194,0.03312078011747203,0.06407861333518221,-0.04631404749326298,unerwartete
zeig+t un+erwart+et+e,2.9108653815795194,0.03312078011747203,0.06407861333518221,-0.04631404749326298,zeig+t un+erwart+et+e
un+erwart+et+e anzeichen,2.841837726644964,0.03385508728343534,0.06780098820637387,-0.04838114568666187,un+erwart+et+e anzeichen
Laut,2.729097474090257,0.035108321287563395,0.07419176838725972,-0.051950002424448166,Laut
Bericht,2.6889869935881423,0.03557139220112954,0.07656533438433805,-0.053281976586503486,Bericht
laut bericht,2.6889869935881423,0.03557139220112954,0.07656533438433805,-0.053281976586503486,laut bericht
Live,2.647074520769783,0.03606548091084326,0.07910517366782158,-0.054711183339296796,Live
bericht live,2.647074520769783,0.03606548091084326,0.07910517366782158,-0.054711183339296796,bericht live
Science,2.6322994448550885,0.03624222048395026,0.08001552656446696,-0.055224445537038626,Science
live science,2.6322994448550885,0.03624222048395026,0.08001552656446696,-0.055224445537038626,live science
science forscher,2.591752451451206,0.03673431424905115,0.08255530902603318,-0.05665917230422132,science forscher
forscher 2023,2.5493433272385073,0.03726043980828823,0.08527905526495434,-0.058202396860510576,forscher 2023
+1925,2.5302507952552706,0.03750124102598504,0.08652855575068484,-0.05891193428236978,+1925
2023 +1925,2.5302507952552706,0.03750124102598504,0.08652855575068484,-0.05891193428236978,2023 +1925
+1925 chars,2.5182016712064486,0.03765449740588554,0.08732473408116068,-0.059364574464755515,+1925 chars
Geophysik,3.795746911103599,0.025406317558920876,0.02592206952114506,-0.02560144009312952,Geophysik
Erwacht,4.298806247623485,0.022028480265642046,0.009724099042170073,-0.017061778410735237,Erwacht
geophysik erwach+t,4.298806247623485,0.022028480265642046,0.009724099042170073,-0.017061778410735237,geophysik erwach+t
erwach+t vulkan,7.0389472863261355,0.009959242381752187,-0.04610213465706329,0.011265701897775673,erwach+t vulkan
vulkan leben,4.602485343775196,0.02023610382892981,0.001242828956343503,-0.012648682997123047,vulkan leben
südlichen,4.697333662619082,0.019708486726276217,-0.0012395595380012478,-0.011364511044754944,südlichen
vulkan südlich+en,4.697333662619082,0.019708486726276217,-0.0012395595380012478,-0.011364511044754944,vulkan südlich+en
südlich+en iran,4.02865120716822,0.023772011566568035,0.01804883436968776,-0.021432248230753983,südlich+en iran
zeigten,3.8296440549490383,0.025160178528040807,0.024731851850323696,-0.024968926417607607,zeigten
iran zeig+ten,3.8296440549490383,0.025160178528040807,0.024731851850323696,-0.024968926417607607,iran zeig+ten
Zeichen,3.597177130236231,0.02691019753976213,0.033229254566105926,-0.02950234398481506,Zeichen
zeig+ten zeichen,3.597177130236231,0.02691019753976213,0.033229254566105926,-0.02950234398481506,zeig+ten zeichen
Wiedererwachens,3.3590329432345105,0.028868787538383147,0.042838646388462936,-0.034678998163709625,Wiedererwachens
zeichen wiedererwachen+s,3.3590329432345105,0.028868787538383147,0.042838646388462936,-0.034678998163709625,zeichen wiedererwachen+s
wiedererwachen+s seit,3.0691746308844343,0.03152284326907525,0.05603419323021893,-0.041875656951126904,wiedererwachen+s seit
hunderttausenden,3.0259056473921078,0.031948262572763425,0.058168437201724155,-0.04304938256475171,hunderttausenden
seit hundert+tausend+en,3.0259056473921078,0.031948262572763425,0.058168437201724155,-0.04304938256475171,seit hundert+tausend+en
hundert+tausend+en jahr+en,3.1590917364867854,0.03066430096043971,0.051743291329719054,-0.03952413734504474,hundert+tausend+en jahr+en
mehr,3.327515478828124,0.02914207050434703,0.04418800131149512,-0.035410203116751235,mehr
jahr+en mehr,3.327515478828124,0.02914207050434703,0.04418800131149512,-0.035410203116751235,jahr+en mehr
mehr aktiv,3.4099866999603856,0.028434237490017913,0.04069737601663881,-0.033520842347924094,mehr aktiv
letzte,3.6479778042425246,0.026514976164869024,0.03130301656473068,-0.028471071598983266,letzte
der letzt+e,3.6479778042425246,0.026514976164869024,0.03130301656473068,-0.028471071598983266,der letzt+e
letzt+e ausbruch,3.8652795391761794,0.024904560247624195,0.023497481532334094,-0.02431379617385491,letzt+e ausbruch
iranischen,4.602485343775196,0.02023610382892981,0.001242828956343503,-0.012648682997123047,iranischen
ausbruch iranisch+en,4.602485343775196,0.02023610382892981,0.001242828956343503,-0.012648682997123047,ausbruch iranisch+en
Vulkans,16.157691160341713,-0.0063783444257844496,-0.11860092272164932,0.04552805813298402,Vulkans
iranisch+en vulkan+s,7.0389472863261355,0.009959242381752187,-0.04610213465706329,0.011265701897775673,iranisch+en vulkan+s
Taftan,4.920103667022209,0.018523469188665848,-0.006792256754550869,-0.008504259907366035,Taftan
vulkan+s tafta+n,4.920103667022209,0.018523469188665848,-0.006792256754550869,-0.008504259907366035,vulkan+s tafta+n
710,3.8652795391761794,0.024904560247624195,0.023497481532334094,-0.02431379617385491,710
tafta+n 710,3.8652795391761794,0.024904560247624195,0.023497481532334094,-0.02431379617385491,tafta+n 710
000,3.7326290881073962,0.025872624857312267,0.028181318355632527,-0.026804277403723275,000
710 000,3.7326290881073962,0.025872624857312267,0.028181318355632527,-0.026804277403723275,710 000
000 jahr+en,3.622065438773719,0.02671563578621063,0.03228046480251025,-0.028994113636303984,000 jahr+en
stattgefunden,3.466011871876619,0.027966462266401138,0.03839831813630807,-0.032280312856285194,stattgefunden
jahr+en statt+ge+find+en,3.466011871876619,0.027966462266401138,0.03839831813630807,-0.032280312856285194,jahr+en statt+ge+find+en
damals,3.1361672134574965,0.02182165623215578,0.0448690732055726,-0.031099580664840004,damals
seit damals,3.1361672134574965,0.02182165623215578,0.0448690732055726,-0.031099580664840004,seit damals
ließen,3.1192439619373107,0.015340866281502795,0.039852216242646524,-0.025021790821706334,ließen
damals lass+en,3.1192439619373107,0.015340866281502795,0.039852216242646524,-0.025021790821706334,damals lass+en
Spuren,3.359446626660289,0.002534734759709356,0.01960139825045079,-0.009121627665284342,Spuren
lass+en spur+en,3.359446626660289,0.002534734759709356,0.01960139825045079,-0.009121627665284342,lass+en spur+en
spur+en weit+er+en,3.663921330598333,-0.02198667396201072,-0.012195943218827162,0.017354200586543217,spur+en weit+er+en
Eruption,4.16527349592316,-0.0914975872574038,-0.08833613214167844,0.0807451603202344,Eruption
weit+er+en eruption,4.16527349592316,-0.0914975872574038,-0.08833613214167844,0.0807451603202344,weit+er+en eruption
nachweisen,4.132491165419131,-0.0016767694241184795,-0.007399946620998876,0.0038065800648708365,nachweisen
eruption nach+weis+en,4.132491165419131,-0.0016767694241184795,-0.007399946620998876,0.0038065800648708365,eruption nach+weis+en
nach+weis+en vulkan,7.0389472863261355,0.009959242381752187,-0.04610213465706329,0.011265701897775673,nach+weis+en vulkan
vulkan gelt,5.052774373293996,0.017851293681296614,-0.00992832100230698,-0.00689628871690719,vulkan gelt
erlosch…,4.237044526765037,0.022413865698551035,0.01155771078657533,-0.018021104758262865,erlosch…
gelt erlosch…,4.237044526765037,0.022413865698551035,0.01155771078657533,-0.018021104758262865,gelt erlosch…
+1661,3.795746911103599,0.025406317558920876,0.02592206952114506,-0.02560144009312952,+1661
erlosch… +1661,3.795746911103599,0.025406317558920876,0.02592206952114506,-0.02560144009312952,erlosch… +1661
+1661 chars,3.622065438773719,0.02671563578621063,0.03228046480251025,-0.028994113636303984,+1661 chars
Bilder,2.796250564879686,-0.02311295885454919,0.0205158103493507,0.00556449278684936,Bilder
Woche,4.2952298132608195,-0.0344599884151505,-0.04080137493399853,0.03473489952064998,Woche
bild+er woche,2.899948331866824,-0.04719297183714896,-0.005228600205557406,0.02884570869173293,bild+er woche
Heißer,3.017314307659821,-0.07838700849172484,-0.037559478082617864,0.05705465735381622,Heißer
woche heiß+er,3.017314307659821,-0.07838700849172484,-0.037559478082617864,0.05705465735381622,woche heiß+er
Lavasee,3.326687954920299,-0.1669586867538499,-0.12733611602254194,0.12816336448245016,Lavasee
heiß+er lavase+e,3.326687954920299,-0.1669586867538499,-0.12733611602254194,0.12816336448245016,heiß+er lavase+e
Kilauea-Caldera,4.548894961482795,-0.06076720230486422,-0.07036398426994445,0.059109530202096146,Kilauea-Caldera
lavase+e kilauea-caldera,2.985100146719015,-0.03703736150516412,-0.00026372877483611554,0.021379950565392325,lavase+e kilauea-caldera
kilauea-caldera der,2.963620485766451,-0.002612761271082227,0.030623756064022553,-0.010416716754241228,kilauea-caldera der
europäische,2.9699243461559455,0.002909192279375733,0.035162190669065,-0.015545667766634085,europäische
der europäisch+e,2.9699243461559455,0.002909192279375733,0.035162190669065,-0.015545667766634085,der europäisch+e
Erderkundungssatellit,3.006429890667209,0.016192046378685605,0.04519881166268259,-0.027740066581944892,Erderkundungssatellit
europäisch+e erderkundung+s+satellit,3.006429890667209,0.016192046378685605,0.04519881166268259,-0.027740066581944892,europäisch+e erderkundung+s+satellit
Sentinel-2,3.1482137600777564,0.030766390668210384,0.05225239359917209,-0.039802563588508005,Sentinel-2
erderkundung+s+satellit sentinel-2,3.1482137600777564,0.030766390668210384,0.05225239359917209,-0.039802563588508005,erderkundung+s+satellit sentinel-2
lieferte,3.2834658985703813,0.02952994637010054,0.046106819101468535,-0.03645183259584675,lieferte
sentinel-2 liefer+te,3.2834658985703813,0.02952994637010054,0.046106819101468535,-0.03645183259584675,sentinel-2 liefer+te
Ansicht,3.528021217854127,0.02746049557474584,0.03591841765063362,-0.03094563661614658,Ansicht
liefer+te ansicht,3.528021217854127,0.02746049557474584,0.03591841765063362,-0.03094563661614658,liefer+te ansicht
Ausbruchs,3.9424094552123456,0.024362003402011174,0.02088313829890092,-0.022929100070701387,Ausbruchs
ansicht ausbruch+s,3.9424094552123456,0.024362003402011174,0.02088313829890092,-0.022929100070701387,ansicht ausbruch+s
Kilauea-Vulkans,4.920103667022209,0.018523469188665848,-0.006792256754550869,-0.008504259907366035,Kilauea-Vulkans
ausbruch+s kilauea-vulkan+s,4.920103667022209,0.018523469188665848,-0.006792256754550869,-0.008504259907366035,ausbruch+s kilauea-vulkan+s
Hawaii,6.111536541525032,0.010571716042563295,-0.03372328908271873,0.006388831742802817,Hawaii
kilauea-vulkan+s hawaii,4.516366867497013,0.020727929805822807,0.0035625691129900967,-0.013851778257852644,kilauea-vulkan+s hawaii
Lavaflüsse,4.118102992697912,-0.09470465466634664,-0.08991661426648491,0.08284797347915179,Lavaflüsse
hawaii lavaflüss+e,4.118102992697912,-0.09470465466634664,-0.08991661426648491,0.08284797347915179,hawaii lavaflüss+e
innerhalb,3.5708408746686287,-0.017658478706464,-0.005395340179842949,0.012338139030239606,innerhalb
lavaflüss+e innerhalb,3.5708408746686287,-0.017658478706464,-0.005395340179842949,0.012338139030239606,lavaflüss+e innerhalb
Caldera,2.962526328054258,-0.016467257757873097,0.018611219545325457,0.002466248274888203,Caldera
innerhalb caldera,2.962526328054258,-0.016467257757873097,0.018611219545325457,0.002466248274888203,innerhalb caldera
caldera zeig+t,3.381241696981232,-0.050312902144456356,-0.027646244960603538,0.03870793660947177,caldera zeig+t
Lava,5.345946476379287,-0.19755948732479914,-0.2097012796597829,0.16422331265514575,Lava
lava kilauea-caldera,3.3620545466576885,-0.02471090886398988,-0.004467440946239291,0.016016616723215422,lava kilauea-caldera
kilauea-caldera hawaii,3.503969684466284,0.022650780369494493,0.032441511112677936,-0.02652550096913348,kilauea-caldera hawaii
hawaii seit,3.67498732351726,0.02630785682697129,0.030295245231948015,-0.02793237577056228,hawaii seit
Dezember,3.8296440549490383,0.025160178528040807,0.024731851850323696,-0.024968926417607607,Dezember
seit dezember,3.8296440549490383,0.025160178528040807,0.024731851850323696,-0.024968926417607607,seit dezember
2024,4.237044526765037,0.022413865698551035,0.01155771078657533,-0.018021104758262865,2024
dezember 2024,4.237044526765037,0.022413865698551035,0.01155771078657533,-0.018021104758262865,dezember 2024
bricht,17.69052081035717,-0.027711737147448363,-0.14395797783286104,0.06532098767330097,bricht
2024 brech+t,4.602485343775196,0.02023610382892981,0.001242828956343503,-0.012648682997123047,2024 brech+t
brech+t vulkan,25.959090562953477,-0.06376701371795117,-0.19874590712781706,0.10034622177498223,brech+t vulkan
Kilauea,3.3620545466576885,-0.02471090886398988,-0.004467440946239291,0.016016616723215422,Kilauea
vulkan kilauea,3.3620545466576885,-0.02471090886398988,-0.004467440946239291,0.016016616723215422,vulkan kilauea
Abständen,4.125982447630706,0.023126217601622902,0.014956586748373971,-0.01980430966131979,Abständen
kilauea abstand+en,4.125982447630706,0.023126217601622902,0.014956586748373971,-0.01980430966131979,kilauea abstand+en
abstand+en zwei,3.622065438773719,0.02671563578621063,0.03228046480251025,-0.028994113636303984,abstand+en zwei
drei,3.428057513137393,0.028282228670255868,0.039949599172281296,-0.03311701886068532,drei
zwei drei,3.428057513137393,0.028282228670255868,0.039949599172281296,-0.03311701886068532,zwei drei
Wochen,4.705531812347397,0.014367864267517488,-0.006227841092006153,-0.006203025116119176,Wochen
drei woche+n,3.3430451079812715,0.029006979612139848,0.04352071494713637,-0.03504847271399384,drei woche+n
produziert,3.1679503144091234,0.02451683212726994,0.04600283505823136,-0.03325379226979949,produziert
woche+n produzier+t,3.1679503144091234,0.02451683212726994,0.04600283505823136,-0.03325379226979949,woche+n produzier+t
mehrere,3.0847361858261344,0.007488261414934864,0.034357896240732565,-0.01799042052618297,mehrere
produzier+t mehrere,3.0847361858261344,0.007488261414934864,0.034357896240732565,-0.01799042052618297,produzier+t mehrere
Stunden,3.063609046756217,-0.0049380039655423725,0.024358164724263838,-0.006547931034121787,Stunden
mehrere stunde+n,3.063609046756217,-0.0049380039655423725,0.024358164724263838,-0.006547931034121787,mehrere stunde+n
hochaufschießende,3.0641077671672887,-0.022315088009553976,0.009170017752382567,0.009482439023734357,hochaufschießende
stunde+n hoch+auf+schieß+end+e,3.0641077671672887,-0.022315088009553976,0.009170017752382567,0.009482439023734357,stunde+n hoch+auf+schieß+end+e
Lavafontänen,3.3979626986610576,-0.1586034793400549,-0.12287327215010374,0.12312941784379255,Lavafontänen
hoch+auf+schieß+end+e lavafontäne+n,3.3979626986610576,-0.1586034793400549,-0.12287327215010374,0.12312941784379255,hoch+auf+schieß+end+e lavafontäne+n
La…,2.925656515174091,-0.03443962487660277,0.00464382222309356,0.01807986431626614,La…
lavafontäne+n la…,2.925656515174091,-0.03443962487660277,0.00464382222309356,0.01807986431626614,lavafontäne+n la…
+855,2.8765354977987663,-0.024211181199595245,0.015763039937029648,0.008035108752890072,+855
la… +855,2.8765354977987663,-0.024211181199595245,0.015763039937029648,0.008035108752890072,la… +855
+855 char+s,2.836476395083639,-0.01658245077184326,0.024245079637263658,0.0003325135212513879,+855 char+s
Vulkanausbruch,8.324919018779486,-0.1578354401670693,-0.21389681720588458,0.14850825839269724,Vulkanausbruch
Philippinen,8.287979069544678,-0.06583157022288562,-0.12885308929833403,0.080636680491752,Philippinen
vulkan+ausbruch philippinen,4.932726071776701,-0.11552594337582381,-0.127830324599296,0.10479622521519336,vulkan+ausbruch philippinen
Plötzlich,4.196265403405739,-0.09891058856718225,-0.09574913345145694,0.08679242672809644,Plötzlich
philippinen plötzlich,4.196265403405739,-0.09891058856718225,-0.09574913345145694,0.08679242672809644,philippinen plötzlich
regnet,3.9029658631314956,-0.09076566305251439,-0.08033380718260735,0.0777785515285341,regnet
plötzlich regn+et,3.9029658631314956,-0.09076566305251439,-0.08033380718260735,0.0777785515285341,plötzlich regn+et
schwarze,3.694813156901585,-0.08428749476035607,-0.06821041422999302,0.0705169367660769,schwarze
regn+et schwarz+e,3.694813156901585,-0.08428749476035607,-0.06821041422999302,0.0705169367660769,regn+et schwarz+e
Asche,5.5461755512106325,-0.0470162921759081,-0.07744833081954235,0.05420666912267529,Asche
schwarz+e asche,3.5511063357292865,-0.07941784834615574,-0.059174380428405025,0.06500306255203044,schwarz+e asche
Mit,4.927143881820473,-0.08945445037364888,-0.10429625170465841,0.08483742806082532,Mit
asche mit,3.471131223880228,-0.0765504360912772,-0.053883778907424525,0.061733665059788674,asche mit
beeindruckender,4.961971007371661,-0.08631199827236698,-0.10218051898659539,0.08259968048878086,beeindruckender
mit beeindruck+end+er,4.961971007371661,-0.08631199827236698,-0.10218051898659539,0.08259968048878086,mit beeindruck+end+er
zugleich,5.468138625248719,-0.06787880586817097,-0.09502223567443462,0.0709505366520229,zugleich
beeindruck+end+er zugleich,5.468138625248719,-0.06787880586817097,-0.09502223567443462,0.0709505366520229,beeindruck+end+er zugleich
beunruhigender,5.809942332285547,-0.06075924869788635,-0.09421138855820202,0.06700084885122272,beunruhigender
zugleich beunruhig+end+er,5.809942332285547,-0.06075924869788635,-0.09421138855820202,0.06700084885122272,zugleich beunruhig+end+er
Kraft,6.814358526059991,-0.048394737787941504,-0.09694916626333462,0.06139900936865936,Kraft
beunruhig+end+er kraft,6.814358526059991,-0.048394737787941504,-0.09694916626333462,0.06139900936865936,beunruhig+end+er kraft
kraft brech+t,7.585356676520883,-0.04287826108976906,-0.10070744074569903,0.059691343981057715,kraft brech+t
vulkan mount,8.39535597678808,-0.037048397948368054,-0.10329018769080935,0.05740833441596735,vulkan mount
Kanlaon,7.2561653969752085,-0.040897438196929654,-0.09529318034932734,0.05685819851631909,Kanlaon
mount kanlaon,7.2561653969752085,-0.040897438196929654,-0.09529318034932734,0.05685819851631909,mount kanlaon
zentralphilippinischen,5.888674598115758,-0.04724801684840585,-0.08315352212015344,0.05623790730245039,zentralphilippinischen
kanlaon zentralphilippinisch+en,5.888674598115758,-0.04724801684840585,-0.08315352212015344,0.05623790730245039,kanlaon zentralphilippinisch+en
zentralphilippinisch+en insel,5.045614233922856,-0.05181586878213444,-0.07276391504641212,0.055190000634087404,zentralphilippinisch+en insel
Negros,4.903788833645044,-0.052545576417671894,-0.07061004450334357,0.05485127901238135,Negros
insel negro+s,4.903788833645044,-0.052545576417671894,-0.07061004450334357,0.05485127901238135,insel negro+s
Mehr,3.266124452589326,-0.03351937125340764,-0.008655989060950655,0.02254396881996015,Mehr
Video,8.020319088157873,-0.03811651576287861,-0.10073881407243834,0.05715001309001178,Video
mehr video,3.1888813142634147,-0.03322488680487038,-0.005414509202993512,0.021173408259245925,mehr video
anzeigen,3.193649750363574,-0.032254282206260025,-0.004753175255928296,0.020382414797184032,anzeigen
video anzeige+n,3.193649750363574,-0.032254282206260025,-0.004753175255928296,0.020382414797184032,video anzeige+n
anzeige+n mit,3.2815567398681584,-0.02954461457399709,-0.005753750555015279,0.019232334588748453,anzeige+n mit
gewaltige,3.171145999415065,-0.017557043729348885,0.008990167655935997,0.006814623571757552,gewaltige
ein gewaltig+e,3.171145999415065,-0.017557043729348885,0.008990167655935997,0.006814623571757552,ein gewaltig+e
rund,3.0886790526248684,-0.01757080765105911,0.01229316238242537,0.005552311126289348,rund
gewaltig+e rund,3.0886790526248684,-0.01757080765105911,0.01229316238242537,0.005552311126289348,gewaltig+e rund
rund zwei,3.0558028289173658,-0.017549769156841404,0.013673279060670241,0.0050076571874371366,rund zwei
zwei kilo+meter,6.460297124068038,-0.07522536461845462,-0.11688460832822027,0.08167495953735623,zwei kilo+meter
+154,2.9552618680517444,-0.017365933321832432,0.018149248603569604,0.003167132729252352,+154
kilo+meter +154,2.9552618680517444,-0.017365933321832432,0.018149248603569604,0.003167132729252352,kilo+meter +154
+154 chars,2.9313040917039412,-0.017290647785959876,0.019278401730249542,0.0026842926821654296,+154 chars
video zeig+t,7.122343251810183,-0.009076192567549454,-0.06454859913169107,0.02885734523235577,video zeig+t
Naturschauspiel,4.179598533048115,0.02277915111295449,0.01329904557079468,-0.018933883842065496,Naturschauspiel
zeig+t natur+schau+spiel,4.179598533048115,0.02277915111295449,0.01329904557079468,-0.018933883842065496,zeig+t natur+schau+spiel
natur+schau+spiel vulkan,7.0389472863261355,0.009959242381752187,-0.04610213465706329,0.011265701897775673,natur+schau+spiel vulkan
vulkan brech+t,5.052774373293996,0.017851293681296614,-0.00992832100230698,-0.00689628871690719,vulkan brech+t
spektakulärer,4.1578548691951625,0.01543109331990448,0.007261462466655497,-0.012062028346276607,spektakulärer
brech+t spektakulär+er,4.1578548691951625,0.01543109331990448,0.007261462466655497,-0.012062028346276607,brech+t spektakulär+er
Aschewolke,10.603083484669003,-0.2433266159859856,-0.3116398113990948,0.2072446485407829,Aschewolke
spektakulär+er asche+wolke,4.095965590244548,-0.09624242477096036,-0.09067759575466097,0.08385361511410938,spektakulär+er asche+wolke
Nahe,3.4580156036646317,-0.009326906019143278,0.005719024788004893,0.00329048140499907,Nahe
asche+wolke nahe,3.4580156036646317,-0.009326906019143278,0.005719024788004893,0.00329048140499907,asche+wolke nahe
philippinischen,3.4264628864950892,0.008993404904515164,0.022963263754594787,-0.014340130063561449,philippinischen
nahe philippinisch+en,3.4264628864950892,0.008993404904515164,0.022963263754594787,-0.014340130063561449,nahe philippinisch+en
Hauptstadt,7.0203543852729275,0.010018822970814112,-0.045832955210196445,0.011133164895056589,Hauptstadt
philippinisch+en haupt+stadt,3.703174660513288,0.026093883373696825,0.029255338489421998,-0.02737711043473848,philippinisch+en haupt+stadt
Manila,6.040979322966743,0.013490752412431133,-0.03005188449265347,0.0032946033034302043,Manila
haupt+stadt manila,4.125982447630706,0.023126217601622902,0.014956586748373971,-0.01980430966131979,haupt+stadt manila
manila brech+t,5.052774373293996,0.017851293681296614,-0.00992832100230698,-0.00689628871690719,manila brech+t
Taal,10.495718141815814,0.0015351119646019257,-0.08373046228149814,0.02940687248964761,Taal
vulkan taal,4.920103667022209,0.018523469188665848,-0.006792256754550869,-0.008504259907366035,vulkan taal
Wissenschaftler,4.075784108517777,0.02345669648680824,0.016537702734771384,-0.020636032254052646,Wissenschaftler
filmen,3.6504577468670956,-0.0005626616783894456,0.007201876150291779,-0.0024375362736183156,filmen
wissenschaftler film+en,3.6504577468670956,-0.0005626616783894456,0.007201876150291779,-0.0024375362736183156,wissenschaftler film+en
film+en asche+wolke,3.807134742548298,-0.11844738287103072,-0.1018705101396629,0.0981794053229996,film+en asche+wolke
ausgestoßen,3.345215207850603,-0.029929406312230657,-0.008443403381269206,0.02045136417263323,ausgestoßen
asche+wolke aus+ge+stoß+en,3.345215207850603,-0.029929406312230657,-0.008443403381269206,0.02045136417263323,asche+wolke aus+ge+stoß+en
aus+ge+stoß+en zwei,2.9742154112770507,0.009512303819047222,0.04073535203655875,-0.02180836625905464,aus+ge+stoß+en zwei
schießt,2.807073885943929,0.019869276511267596,0.05724491868879513,-0.03503485332321749,schießt
höhe schieß+t,2.807073885943929,0.019869276511267596,0.05724491868879513,-0.03503485332321749,höhe schieß+t
Zugang,3.753842983561235,0.0027749617797023355,0.007019117649338974,-0.004350147383989874,Zugang
stern+statt,3.6774704851886435,0.006015899923078537,0.012201758555038869,-0.008304185356158456,stern+statt
zugang stern+statt,3.6774704851886435,0.006015899923078537,0.012201758555038869,-0.008304185356158456,zugang stern+statt
"11,96",3.5969536744465254,0.009161223932498434,0.017499368761891385,-0.012278342393433754,"11,96"
"stern+statt 11,96",3.5969536744465254,0.009161223932498434,0.017499368761891385,-0.012278342393433754,"stern+statt 11,96"
Alles,3.4531365986669575,0.014183851750154826,0.02664186816875139,-0.018966599317129074,Alles
"11,96 alle+s",3.4531365986669575,0.014183851750154826,0.02664186816875139,-0.018966599317129074,"11,96 alle+s"
stern+,3.6774704851886435,0.006015899923078537,0.012201758555038869,-0.008304185356158456,stern+
alle+s stern+,3.6774704851886435,0.006015899923078537,0.012201758555038869,-0.008304185356158456,alle+s stern+
erstklassigen,3.3590095507932256,0.017119730549058448,0.032472612057028456,-0.0231165427905174,erstklassigen
stern+ erstklassig+en,3.3590095507932256,0.017119730549058448,0.032472612057028456,-0.0231165427905174,stern+ erstklassig+en
Inhalten,3.3043277500539645,0.01871558449305533,0.035825400000314436,-0.025462218784843834,Inhalten
erstklassig+en inhalt+en,3.3043277500539645,0.01871558449305533,0.035825400000314436,-0.025462218784843834,erstklassig+en inhalt+en
GEO,3.258235783777701,0.020004142641916037,0.038639258102408515,-0.027408362593558472,GEO
inhalt+en geo,3.258235783777701,0.020004142641916037,0.038639258102408515,-0.027408362593558472,inhalt+en geo
Capital,3.231818513056796,0.02072082029911172,0.04024887414076454,-0.02851255592145485,Capital
geo capital,3.231818513056796,0.02072082029911172,0.04024887414076454,-0.02851255592145485,geo capital
/li,5.930239911774884,0.0008053361983423822,-0.040012698479757386,0.014435859927820302,/li
capital /li,3.206729741570786,0.02138744987960273,0.04177640839944124,-0.029554444828034043,capital /li
/li woche+n,3.1770698989740307,0.0221586687863588,0.043581825325671286,-0.03077846249394905,/li woche+n
testen,3.1573389877348976,0.022661982024502397,0.044783147682561406,-0.03158854949484601,testen
woche+n test+en,3.1573389877348976,0.022661982024502397,0.044783147682561406,-0.03158854949484601,woche+n test+en
"2,99",3.1227345683251455,0.023526744387307834,0.04689177105876665,-0.03300218010762466,"2,99"
"test+en 2,99",3.1227345683251455,0.023526744387307834,0.04689177105876665,-0.03300218010762466,"test+en 2,99"
"2,99 woche",3.1770698989740307,0.0221586687863588,0.043581825325671286,-0.03077846249394905,"2,99 woche"
woche /li,3.206729741570786,0.02138744987960273,0.04177640839944124,-0.029554444828034043,woche /li
jederzeit,3.0671891303967156,0.024869732815303393,0.050285051186441394,-0.03525557485702565,jederzeit
/li jederzeit,3.0671891303967156,0.024869732815303393,0.050285051186441394,-0.03525557485702565,/li jederzeit
kündbar,3.045009675262752,0.025391393542901073,0.05164436716481218,-0.03615108331314979,kündbar
jederzeit künd+bar,3.045009675262752,0.025391393542901073,0.05164436716481218,-0.03615108331314979,jederzeit künd+bar
künd+bar /li,3.206729741570786,0.02138744987960273,0.04177640839944124,-0.029554444828034043,künd+bar /li
/ul,3.0177419828019314,0.026021959871220437,0.053319963336456305,-0.037249499566813254,/ul
/li /ul,3.0177419828019314,0.026021959871220437,0.053319963336456305,-0.037249499566813254,/li /ul
Zwei,2.9399995793061033,-0.024885632622082987,0.012291262657058684,0.009757039255316275,Zwei
hoch+e asche+wolke,5.077235586926255,-0.22095077963495147,-0.22524960461169294,0.17772096430217277,hoch+e asche+wolke
asche+wolke video,3.157085282984939,-0.03725085885223309,-0.0076689835669967255,0.024259204865097368,asche+wolke video
spektakulären,3.1455076695885964,-0.004151618338158583,0.021736784279271643,-0.005980430645389721,spektakulären
zeig+t spektakulär+en,3.1455076695885964,-0.004151618338158583,0.021736784279271643,-0.005980430645389721,zeig+t spektakulär+en
Vulkauausbruch,3.2120616460167817,0.017448354624798445,0.03811324347757028,-0.025611591807956847,Vulkauausbruch
spektakulär+en vulkauausbruch,3.2120616460167817,0.017448354624798445,0.03811324347757028,-0.025611591807956847,spektakulär+en vulkauausbruch
Zeitrafferaufnahmen,3.3755022228682123,0.02872736191059203,0.04214117824861151,-0.03430146272899082,Zeitrafferaufnahmen
vulkauausbruch zeitraffer+aufnahme+n,3.3755022228682123,0.02872736191059203,0.04214117824861151,-0.03430146272899082,vulkauausbruch zeitraffer+aufnahme+n
zeigen,3.8652795391761794,0.024904560247624195,0.023497481532334094,-0.02431379617385491,zeigen
zeitraffer+aufnahme+n zeig+en,3.8652795391761794,0.024904560247624195,0.023497481532334094,-0.02431379617385491,zeitraffer+aufnahme+n zeig+en
zeig+en ausbruch,4.437701584610931,0.02118829954803055,0.005739045900805098,-0.01498326955904919,zeig+en ausbruch
ausbruch vulkan+s,11.718772863617914,-0.0005980770610634962,-0.09315754254874503,0.033831083614101636,ausbruch vulkan+s
vulkan+s taal,7.787295810360241,0.007721999273001621,-0.05617416793906254,0.016196779279509802,vulkan+s taal
taal philippinen,3.984280526097356,0.024073412795357272,0.0194956444568979,-0.022195773168803994,taal philippinen
Sonntag,6.21715744902691,0.012460023045676038,-0.03347078149731169,0.005172408480344458,Sonntag
philippinen sonntag,3.4305191221751725,0.027564409427468958,0.03923177992949441,-0.032370377461630566,philippinen sonntag
sonntag zwei,3.2662562833179933,-0.006042839187416021,0.015443163743545506,-0.002397518564500873,sonntag zwei
erzeugte,3.2399377525117625,-0.03639542061626164,-0.010175245987300845,0.024711293650324012,erzeugte
asche+wolke erzeug+te,3.2399377525117625,-0.03639542061626164,-0.010175245987300845,0.024711293650324012,asche+wolke erzeug+te
der asche+wolke,3.701266291540515,-0.12772613997367493,-0.10664714960439549,0.10405522731294264,der asche+wolke
gigantisch,3.4852364871917167,-0.00801399492838296,0.005955863921696621,0.002431767062146467,gigantisch
asche+wolke gigantisch,3.4852364871917167,-0.00801399492838296,0.005955863921696621,0.002431767062146467,asche+wolke gigantisch
gigantisch ein,3.619204077571088,0.02080547133190701,0.027124528358250764,-0.02323172330878789,gigantisch ein
ein video,3.703174660513288,0.026093883373696825,0.029255338489421998,-0.02737711043473848,ein video
zeig+t ausbruch,4.437701584610931,0.02118829954803055,0.005739045900805098,-0.01498326955904919,zeig+t ausbruch
südlich,4.437701584610931,0.02118829954803055,0.005739045900805098,-0.01498326955904919,südlich
taal südlich,4.437701584610931,0.02118829954803055,0.005739045900805098,-0.01498326955904919,taal südlich
südlich manila,3.8296440549490383,0.025160178528040807,0.024731851850323696,-0.024968926417607607,südlich manila
manila haupt+stadt,3.597177130236231,0.02691019753976213,0.033229254566105926,-0.02950234398481506,manila haupt+stadt
haupt+stadt philippinen,3.312422365716345,0.029274184789665682,0.04484108699867082,-0.03576448795909263,haupt+stadt philippinen
Bis,3.44672138901713,0.02812636453207202,0.03918352947217856,-0.03270365352789759,Bis
bis zwei,3.597177130236231,0.02691019753976213,0.033229254566105926,-0.02950234398481506,bis zwei
Kilometern,3.7326290881073962,0.025872624857312267,0.028181318355632527,-0.026804277403723275,Kilometern
zwei kilo+meter+n,3.7326290881073962,0.025872624857312267,0.028181318355632527,-0.026804277403723275,zwei kilo+meter+n
kilo+meter+n hoch,4.179598533048115,0.02277915111295449,0.01329904557079468,-0.018933883842065496,kilo+meter+n hoch
hoch spuck+te,4.516366867497013,0.020727929805822807,0.0035625691129900967,-0.013851778257852644,hoch spuck+te
spuck+te vulkan,7.0389472863261355,0.009959242381752187,-0.04610213465706329,0.011265701897775673,spuck+te vulkan
vulkan sonntag,4.697333662619082,0.019708486726276217,-0.0012395595380012478,-0.011364511044754944,vulkan sonntag
sonntag asche,3.8652795391761794,0.024904560247624195,0.023497481532334094,-0.02431379617385491,sonntag asche
gen,3.67498732351726,0.02630785682697129,0.030295245231948015,-0.02793237577056228,gen
asche gen,3.67498732351726,0.02630785682697129,0.030295245231948015,-0.02793237577056228,asche gen
+974,3.506620798940282,0.027633745745250085,0.03676677174241795,-0.03140181871847727,+974
gen +974,3.506620798940282,0.027633745745250085,0.03676677174241795,-0.03140181871847727,gen +974
+974 chars,3.4099866999603856,0.028434237490017913,0.04069737601663881,-0.033520842347924094,+974 chars
Meine,2.8054354560994526,-0.0004862717409377301,0.03966151660199377,-0.015319454286995722,Meine
mein+e frau,2.8420668580101642,-0.005452274129849353,0.03363117296984701,-0.009927814675458125,mein+e frau
kommt,2.877007532154395,-0.01063211318776653,0.02752003723762325,-0.004436449280455933,kommt
frau komm+t,2.877007532154395,-0.01063211318776653,0.02752003723762325,-0.004436449280455933,frau komm+t
zurück,2.9882788796316735,-0.030125029715288767,0.00560517747466232,0.015285628479354928,zurück
komm+t zurück,2.9882788796316735,-0.030125029715288767,0.00560517747466232,0.015285628479354928,komm+t zurück
Giftige,3.1309785398842385,-0.06123070005571808,-0.027518676012971935,0.044521632197344896,Giftige
zurück giftig+e,3.1309785398842385,-0.06123070005571808,-0.027518676012971935,0.044521632197344896,zurück giftig+e
Lavamassen,3.474760099133457,-0.15010860419901467,-0.11836453083720729,0.11795563232510396,Lavamassen
giftig+e lavamasse+n,3.474760099133457,-0.15010860419901467,-0.11836453083720729,0.11795563232510396,giftig+e lavamasse+n
begraben,3.1871027636155294,-0.03984400480310077,-0.011130427662141496,0.026977548944197488,begraben
lavamasse+n begrab+en,3.1871027636155294,-0.03984400480310077,-0.011130427662141496,0.026977548944197488,lavamasse+n begrab+en
Lebensgrundlage,3.1678167309682683,-0.011218942245557575,0.014669460371872807,0.0009413146598507393,Lebensgrundlage
begrab+en leben+s+grund+lage,3.1678167309682683,-0.011218942245557575,0.014669460371872807,0.0009413146598507393,begrab+en leben+s+grund+lage
Grindavíks,3.2698019130293674,0.02161357397991027,0.039631251385619674,-0.028814399684426055,Grindavíks
leben+s+grund+lage grindavík+s,3.2698019130293674,0.02161357397991027,0.039631251385619674,-0.028814399684426055,leben+s+grund+lage grindavík+s
Bewohnern,3.4099866999603856,0.028434237490017913,0.04069737601663881,-0.033520842347924094,Bewohnern
grindavík+s bewohner+n,3.4099866999603856,0.028434237490017913,0.04069737601663881,-0.033520842347924094,grindavík+s bewohner+n
bewohner+n nach,3.622065438773719,0.02671563578621063,0.03228046480251025,-0.028994113636303984,bewohner+n nach
800,3.9424094552123456,0.024362003402011174,0.02088313829890092,-0.022929100070701387,800
nach 800,3.9424094552123456,0.024362003402011174,0.02088313829890092,-0.022929100070701387,nach 800
800 jahr+en,4.125982447630706,0.023126217601622902,0.014956586748373971,-0.01980430966131979,800 jahr+en
jahr+en brech+t,4.602485343775196,0.02023610382892981,0.001242828956343503,-0.012648682997123047,jahr+en brech+t
Grindavík,3.2698019130293674,0.02161357397991027,0.039631251385619674,-0.028814399684426055,Grindavík
vulkan grindavík,3.2698019130293674,0.02161357397991027,0.039631251385619674,-0.028814399684426055,vulkan grindavík
grindavík gleich,4.02865120716822,0.023772011566568035,0.01804883436968776,-0.021432248230753983,grindavík gleich
neunmal,3.763449711425417,0.025643609150316164,0.027071020388439105,-0.0262127857831312,neunmal
gleich neunmal,3.763449711425417,0.025643609150316164,0.027071020388439105,-0.0262127857831312,gleich neunmal
Viele,3.460398543785556,0.024166053207641987,0.035223218147748564,-0.028601221248003954,Viele
Bewohner,3.390865705338932,0.014803821125602228,0.029317556460598936,-0.020420563875649805,Bewohner
viel+e bewohner,3.390865705338932,0.014803821125602228,0.029317556460598936,-0.020420563875649805,viel+e bewohner
verlieren,3.3260784786306306,-0.0030827756303779858,0.015850035571304544,-0.004305231291909633,verlieren
bewohner verlier+en,3.3260784786306306,-0.0030827756303779858,0.015850035571304544,-0.004305231291909633,bewohner verlier+en
verlier+en lava,3.5811055305816355,-0.13913556732599125,-0.11258835594070628,0.11118945883329552,verlier+en lava
all,3.3090433206627425,-0.07264178103850254,-0.04452630175931246,0.05649594307835141,all
lava all,3.3090433206627425,-0.07264178103850254,-0.04452630175931246,0.05649594307835141,lava all
Besitz,3.098690001750942,-0.02940824302093136,0.001549590196779064,0.01641432921790801,Besitz
all besitz,3.098690001750942,-0.02940824302093136,0.001549590196779064,0.01641432921790801,all besitz
verlassen,2.9566810532243046,-0.007548751808328526,0.02662850875347817,-0.005900791949641772,verlassen
besitz verlass+en,2.9566810532243046,-0.007548751808328526,0.02662850875347817,-0.005900791949641772,besitz verlass+en
Zuhause,2.8553342602855136,0.0043348904714502565,0.04151178575059199,-0.018976910518175273,Zuhause
verlass+en zuhause,2.8553342602855136,0.0043348904714502565,0.04151178575059199,-0.018976910518175273,verlass+en zuhause
oft,2.8095578005820947,0.008826023394279401,0.04754199784924087,-0.024176126009748465,oft
zuhause oft,2.8095578005820947,0.008826023394279401,0.04754199784924087,-0.024176126009748465,zuhause oft
oft immer,2.769635881010474,0.012356637340932381,0.05250442568386371,-0.028393780781241065,oft immer
Warum,2.404741859089164,0.039148915766373006,0.09512686180624579,-0.06382201035660091,Warum
plötzlich,2.412486758031341,0.03904383942256516,0.09457598628169844,-0.06350598236517382,plötzlich
warum plötzlich,2.412486758031341,0.03904383942256516,0.09457598628169844,-0.06350598236517382,warum plötzlich
Lissabon,4.286603255248822,0.02210403419930177,0.010083289737489011,-0.01724955611877159,Lissabon
plötzlich lissabon,2.4402143352182804,0.03867143327241222,0.09262639221525001,-0.06238913568235411,plötzlich lissabon
Portugal,4.457644387066251,0.021070559769871315,0.005181937272272143,-0.014693394889507607,Portugal
lissabon portugal,2.4648149697290664,0.03834587172474812,0.09092559835116838,-0.06141685048914942,lissabon portugal
vielseitigsten,4.042380030653273,0.023679657134980558,0.017605969867189573,-0.021198770168576263,vielseitigsten
portugal vielseitig+st+en,4.042380030653273,0.023679657134980558,0.017605969867189573,-0.021198770168576263,portugal vielseitig+st+en
Reisedestinationen,3.8958047746604403,0.02468810820681888,0.022453578057912964,-0.023760426560783036,Reisedestinationen
vielseitig+st+en reise+destination+en,3.8958047746604403,0.02468810820681888,0.022453578057912964,-0.023760426560783036,vielseitig+st+en reise+destination+en
Europas,3.782285652845831,0.0255048872903391,0.026399156809108433,-0.025855202648790605,Europas
reise+destination+en europa+s,3.782285652845831,0.0255048872903391,0.026399156809108433,-0.025855202648790605,reise+destination+en europa+s
Was,3.4611285721569702,0.02800682688296519,0.03859646410588624,-0.032387108021078595,Was
etwa,3.4809126575131337,0.02784376826506782,0.03779630388599495,-0.03195598342544599,etwa
was etwa,3.4809126575131337,0.02784376826506782,0.03779630388599495,-0.03195598342544599,was etwa
etwa haupt+stadt,3.544588112900108,0.02732734780993583,0.03526699615828369,-0.030595632083612184,etwa haupt+stadt
haupt+stadt lissabon,3.6094975756447276,0.026813657454335615,0.03275834328301255,-0.02925003029824761,haupt+stadt lissabon
Kunstverständnis,3.7402020561691423,0.02581611758791833,0.02790723388576147,-0.026658198553460993,Kunstverständnis
lissabon kunst+verständnis,3.7402020561691423,0.02581611758791833,0.02790723388576147,-0.026658198553460993,lissabon kunst+verständnis
liegt,3.8837971098023223,0.024772980355728946,0.02286275347822779,-0.023977255697849524,liegt
kunst+verständnis lieg+t,3.8837971098023223,0.024772980355728946,0.02286275347822779,-0.023977255697849524,kunst+verständnis lieg+t
Oder,3.9526559181198473,0.02429100128346919,0.020541573853663515,-0.022748473806403824,Oder
Algarve,4.088033459091336,0.023375550785344014,0.01614922203448852,-0.020431548205201246,Algarve
oder algarve,4.088033459091336,0.023375550785344014,0.01614922203448852,-0.020431548205201246,oder algarve
preisgekrönten,4.348303005799211,0.021724949716784615,0.008282475693560915,-0.016308846640931032,preisgekrönten
algarve preis+ge+krön+t+en,4.348303005799211,0.021724949716784615,0.008282475693560915,-0.016308846640931032,algarve preis+ge+krön+t+en
Stränden,4.648726723364986,0.019977074321490377,2.332887010337639e-05,-0.012017396637488048,Stränden
preis+ge+krön+t+en strand+en,4.648726723364986,0.019977074321490377,2.332887010337639e-05,-0.012017396637488048,preis+ge+krön+t+en strand+en
Und,4.108900875102395,0.02323806437735023,0.015491390782743968,-0.020085478972419676,Und
zuletzt,3.5732464572558738,0.02709899419177338,0.034150918381712816,-0.02999653882973397,zuletzt
und zuletzt,3.5732464572558738,0.02709899419177338,0.034150918381712816,-0.02999653882973397,und zuletzt
Azoren,3.9424094552123456,0.024362003402011174,0.02088313829890092,-0.022929100070701387,Azoren
zuletzt azoren,3.9424094552123456,0.024362003402011174,0.02088313829890092,-0.022929100070701387,zuletzt azoren
azoren vulkan,7.0389472863261355,0.009959242381752187,-0.04610213465706329,0.011265701897775673,azoren vulkan
überragten,5.052774373293996,0.017851293681296614,-0.00992832100230698,-0.00689628871690719,überragten
vulkan überrag+ten,5.052774373293996,0.017851293681296614,-0.00992832100230698,-0.00689628871690719,vulkan überrag+ten
Außenpo…,4.125982447630706,0.023126217601622902,0.014956586748373971,-0.01980430966131979,Außenpo…
überrag+ten außenpo…,4.125982447630706,0.023126217601622902,0.014956586748373971,-0.01980430966131979,überrag+ten außenpo…
außenpo… portugal,3.763449711425417,0.025643609150316164,0.027071020388439105,-0.0262127857831312,außenpo… portugal
nicht…,2.48666404834928,0.03806045207792579,0.08943724394835953,-0.060567557399308324,nicht…
und nicht…,2.48666404834928,0.03806045207792579,0.08943724394835953,-0.060567557399308324,und nicht…
+10928,2.4730064454671883,0.03823845801445507,0.09036517766281378,-0.06109689086514249,+10928
nicht… +10928,2.4730064454671883,0.03823845801445507,0.09036517766281378,-0.06109689086514249,nicht… +10928
+10928 char+s,2.4616087623851377,0.038388048178244774,0.09114574871833668,-0.06154259641282052,+10928 char+s
